This is XeTeX, Version 3.14159265-2.6-0.99998 (TeX Live 2017/Debian) (preloaded format=xelatex 2017.10.18)  23 NOV 2017 13:05
entering extended mode
 restricted \write18 enabled.
 %&-line parsing enabled.
**slides.tex
(./slides.tex
LaTeX2e <2017-04-15>
Babel <3.13> and hyphenation patterns for 84 language(s) loaded.
(/usr/share/texlive/texmf-dist/tex/latex/beamer/beamer.cls
Document Class: beamer 2017/07/13 v3.42 A class for typesetting presentations
(/usr/share/texlive/texmf-dist/tex/latex/beamer/beamerbasemodes.sty
(/usr/share/texlive/texmf-dist/tex/latex/etoolbox/etoolbox.sty
Package: etoolbox 2017/01/02 v2.4 e-TeX tools for LaTeX (JAW)
\etb@tempcnta=\count79
)
\beamer@tempbox=\box26
\beamer@tempcount=\count80
\c@beamerpauses=\count81

(/usr/share/texlive/texmf-dist/tex/latex/beamer/beamerbasedecode.sty
\beamer@slideinframe=\count82
\beamer@minimum=\count83
)
\beamer@commentbox=\box27
\beamer@modecount=\count84
)
(/usr/share/texlive/texmf-dist/tex/generic/oberdiek/ifpdf.sty
Package: ifpdf 2017/03/15 v3.2 Provides the ifpdf switch
)
\headdp=\dimen102
\footheight=\dimen103
\sidebarheight=\dimen104
\beamer@tempdim=\dimen105
\beamer@finalheight=\dimen106
\beamer@animht=\dimen107
\beamer@animdp=\dimen108
\beamer@animwd=\dimen109
\beamer@leftmargin=\dimen110
\beamer@rightmargin=\dimen111
\beamer@leftsidebar=\dimen112
\beamer@rightsidebar=\dimen113
\beamer@boxsize=\dimen114
\beamer@vboxoffset=\dimen115
\beamer@descdefault=\dimen116
\beamer@descriptionwidth=\dimen117
\beamer@lastskip=\skip41
\beamer@areabox=\box28
\beamer@animcurrent=\box29
\beamer@animshowbox=\box30
\beamer@sectionbox=\box31
\beamer@logobox=\box32
\beamer@linebox=\box33
\beamer@sectioncount=\count85
\beamer@subsubsectionmax=\count86
\beamer@subsectionmax=\count87
\beamer@sectionmax=\count88
\beamer@totalheads=\count89
\beamer@headcounter=\count90
\beamer@partstartpage=\count91
\beamer@sectionstartpage=\count92
\beamer@subsectionstartpage=\count93
\beamer@animationtempa=\count94
\beamer@animationtempb=\count95
\beamer@xpos=\count96
\beamer@ypos=\count97
\beamer@showpartnumber=\count98
\beamer@currentsubsection=\count99
\beamer@coveringdepth=\count100
\beamer@sectionadjust=\count101
\beamer@tocsectionnumber=\count102

(/usr/share/texlive/texmf-dist/tex/latex/beamer/beamerbaseoptions.sty
(/usr/share/texlive/texmf-dist/tex/latex/graphics/keyval.sty
Package: keyval 2014/10/28 v1.15 key=value parser (DPC)
\KV@toks@=\toks14
))
\beamer@paperwidth=\skip42
\beamer@paperheight=\skip43

(/usr/share/texlive/texmf-dist/tex/latex/geometry/geometry.sty
Package: geometry 2010/09/12 v5.6 Page Geometry

(/usr/share/texlive/texmf-dist/tex/generic/oberdiek/ifvtex.sty
Package: ifvtex 2016/05/16 v1.6 Detect VTeX and its facilities (HO)
Package ifvtex Info: VTeX not detected.
)
(/usr/share/texlive/texmf-dist/tex/generic/ifxetex/ifxetex.sty
Package: ifxetex 2010/09/12 v0.6 Provides ifxetex conditional
)
\Gm@cnth=\count103
\Gm@cntv=\count104
\c@Gm@tempcnt=\count105
\Gm@bindingoffset=\dimen118
\Gm@wd@mp=\dimen119
\Gm@odd@mp=\dimen120
\Gm@even@mp=\dimen121
\Gm@layoutwidth=\dimen122
\Gm@layoutheight=\dimen123
\Gm@layouthoffset=\dimen124
\Gm@layoutvoffset=\dimen125
\Gm@dimlist=\toks15
)
(/usr/share/texlive/texmf-dist/tex/latex/base/size11.clo
File: size11.clo 2014/09/29 v1.4h Standard LaTeX file (size option)
)
(/usr/share/texlive/texmf-dist/tex/latex/pgf/basiclayer/pgfcore.sty
(/usr/share/texlive/texmf-dist/tex/latex/graphics/graphicx.sty
Package: graphicx 2017/06/01 v1.1a Enhanced LaTeX Graphics (DPC,SPQR)

(/usr/share/texlive/texmf-dist/tex/latex/graphics/graphics.sty
Package: graphics 2017/06/25 v1.2c Standard LaTeX Graphics (DPC,SPQR)

(/usr/share/texlive/texmf-dist/tex/latex/graphics/trig.sty
Package: trig 2016/01/03 v1.10 sin cos tan (DPC)
)
(/usr/share/texlive/texmf-dist/tex/latex/graphics-cfg/graphics.cfg
File: graphics.cfg 2016/06/04 v1.11 sample graphics configuration
)
Package graphics Info: Driver file: xetex.def on input line 99.

(/usr/share/texlive/texmf-dist/tex/latex/graphics-def/xetex.def
File: xetex.def 2017/06/24 v5.0h Graphics/color driver for xetex
))
\Gin@req@height=\dimen126
\Gin@req@width=\dimen127
)
(/usr/share/texlive/texmf-dist/tex/latex/pgf/systemlayer/pgfsys.sty
(/usr/share/texlive/texmf-dist/tex/latex/pgf/utilities/pgfrcs.sty
(/usr/share/texlive/texmf-dist/tex/generic/pgf/utilities/pgfutil-common.tex
\pgfutil@everybye=\toks16
\pgfutil@tempdima=\dimen128
\pgfutil@tempdimb=\dimen129

(/usr/share/texlive/texmf-dist/tex/generic/pgf/utilities/pgfutil-common-lists.t
ex)) (/usr/share/texlive/texmf-dist/tex/generic/pgf/utilities/pgfutil-latex.def
\pgfutil@abb=\box34
(/usr/share/texlive/texmf-dist/tex/latex/ms/everyshi.sty
Package: everyshi 2001/05/15 v3.00 EveryShipout Package (MS)
))
(/usr/share/texlive/texmf-dist/tex/generic/pgf/utilities/pgfrcs.code.tex
Package: pgfrcs 2015/08/07 v3.0.1a (rcs-revision 1.31)
))
(/usr/share/texlive/texmf-dist/tex/generic/pgf/systemlayer/pgfsys.code.tex
Package: pgfsys 2014/07/09 v3.0.1a (rcs-revision 1.48)

(/usr/share/texlive/texmf-dist/tex/generic/pgf/utilities/pgfkeys.code.tex
\pgfkeys@pathtoks=\toks17
\pgfkeys@temptoks=\toks18

(/usr/share/texlive/texmf-dist/tex/generic/pgf/utilities/pgfkeysfiltered.code.t
ex
\pgfkeys@tmptoks=\toks19
))
\pgf@x=\dimen130
\pgf@y=\dimen131
\pgf@xa=\dimen132
\pgf@ya=\dimen133
\pgf@xb=\dimen134
\pgf@yb=\dimen135
\pgf@xc=\dimen136
\pgf@yc=\dimen137
\w@pgf@writea=\write3
\r@pgf@reada=\read1
\c@pgf@counta=\count106
\c@pgf@countb=\count107
\c@pgf@countc=\count108
\c@pgf@countd=\count109
\t@pgf@toka=\toks20
\t@pgf@tokb=\toks21
\t@pgf@tokc=\toks22
 (/usr/share/texlive/texmf-dist/tex/generic/pgf/systemlayer/pgf.cfg
File: pgf.cfg 2008/05/14  (rcs-revision 1.7)
)
Driver file for pgf: pgfsys-xetex.def

(/usr/share/texlive/texmf-dist/tex/generic/pgf/systemlayer/pgfsys-xetex.def
File: pgfsys-xetex.def 2014/07/09  (rcs-revision 1.11)

(/usr/share/texlive/texmf-dist/tex/generic/pgf/systemlayer/pgfsys-dvipdfmx.def
File: pgfsys-dvipdfmx.def 2014/07/09  (rcs-revision 1.14)

(/usr/share/texlive/texmf-dist/tex/generic/pgf/systemlayer/pgfsys-common-pdf.de
f
File: pgfsys-common-pdf.def 2013/10/10  (rcs-revision 1.13)
)
\pgfsys@objnum=\count110
)))
(/usr/share/texlive/texmf-dist/tex/generic/pgf/systemlayer/pgfsyssoftpath.code.
tex
File: pgfsyssoftpath.code.tex 2013/09/09  (rcs-revision 1.9)
\pgfsyssoftpath@smallbuffer@items=\count111
\pgfsyssoftpath@bigbuffer@items=\count112
)
(/usr/share/texlive/texmf-dist/tex/generic/pgf/systemlayer/pgfsysprotocol.code.
tex
File: pgfsysprotocol.code.tex 2006/10/16  (rcs-revision 1.4)
)) (/usr/share/texlive/texmf-dist/tex/latex/xcolor/xcolor.sty
Package: xcolor 2016/05/11 v2.12 LaTeX color extensions (UK)

(/usr/share/texlive/texmf-dist/tex/latex/graphics-cfg/color.cfg
File: color.cfg 2016/01/02 v1.6 sample color configuration
)
Package xcolor Info: Driver file: xetex.def on input line 225.
Package xcolor Info: Model `cmy' substituted by `cmy0' on input line 1348.
Package xcolor Info: Model `RGB' extended on input line 1364.
Package xcolor Info: Model `HTML' substituted by `rgb' on input line 1366.
Package xcolor Info: Model `Hsb' substituted by `hsb' on input line 1367.
Package xcolor Info: Model `tHsb' substituted by `hsb' on input line 1368.
Package xcolor Info: Model `HSB' substituted by `hsb' on input line 1369.
Package xcolor Info: Model `Gray' substituted by `gray' on input line 1370.
Package xcolor Info: Model `wave' substituted by `hsb' on input line 1371.
)
(/usr/share/texlive/texmf-dist/tex/generic/pgf/basiclayer/pgfcore.code.tex
Package: pgfcore 2010/04/11 v3.0.1a (rcs-revision 1.7)

(/usr/share/texlive/texmf-dist/tex/generic/pgf/math/pgfmath.code.tex
(/usr/share/texlive/texmf-dist/tex/generic/pgf/math/pgfmathcalc.code.tex
(/usr/share/texlive/texmf-dist/tex/generic/pgf/math/pgfmathutil.code.tex)
(/usr/share/texlive/texmf-dist/tex/generic/pgf/math/pgfmathparser.code.tex
\pgfmath@dimen=\dimen138
\pgfmath@count=\count113
\pgfmath@box=\box35
\pgfmath@toks=\toks23
\pgfmath@stack@operand=\toks24
\pgfmath@stack@operation=\toks25
)
(/usr/share/texlive/texmf-dist/tex/generic/pgf/math/pgfmathfunctions.code.tex
(/usr/share/texlive/texmf-dist/tex/generic/pgf/math/pgfmathfunctions.basic.code
.tex)
(/usr/share/texlive/texmf-dist/tex/generic/pgf/math/pgfmathfunctions.trigonomet
ric.code.tex)
(/usr/share/texlive/texmf-dist/tex/generic/pgf/math/pgfmathfunctions.random.cod
e.tex)
(/usr/share/texlive/texmf-dist/tex/generic/pgf/math/pgfmathfunctions.comparison
.code.tex)
(/usr/share/texlive/texmf-dist/tex/generic/pgf/math/pgfmathfunctions.base.code.
tex)
(/usr/share/texlive/texmf-dist/tex/generic/pgf/math/pgfmathfunctions.round.code
.tex)
(/usr/share/texlive/texmf-dist/tex/generic/pgf/math/pgfmathfunctions.misc.code.
tex)
(/usr/share/texlive/texmf-dist/tex/generic/pgf/math/pgfmathfunctions.integerari
thmetics.code.tex)))
(/usr/share/texlive/texmf-dist/tex/generic/pgf/math/pgfmathfloat.code.tex
\c@pgfmathroundto@lastzeros=\count114
))
(/usr/share/texlive/texmf-dist/tex/generic/pgf/basiclayer/pgfcorepoints.code.te
x
File: pgfcorepoints.code.tex 2013/10/07  (rcs-revision 1.27)
\pgf@picminx=\dimen139
\pgf@picmaxx=\dimen140
\pgf@picminy=\dimen141
\pgf@picmaxy=\dimen142
\pgf@pathminx=\dimen143
\pgf@pathmaxx=\dimen144
\pgf@pathminy=\dimen145
\pgf@pathmaxy=\dimen146
\pgf@xx=\dimen147
\pgf@xy=\dimen148
\pgf@yx=\dimen149
\pgf@yy=\dimen150
\pgf@zx=\dimen151
\pgf@zy=\dimen152
)
(/usr/share/texlive/texmf-dist/tex/generic/pgf/basiclayer/pgfcorepathconstruct.
code.tex
File: pgfcorepathconstruct.code.tex 2013/10/07  (rcs-revision 1.29)
\pgf@path@lastx=\dimen153
\pgf@path@lasty=\dimen154
)
(/usr/share/texlive/texmf-dist/tex/generic/pgf/basiclayer/pgfcorepathusage.code
.tex
File: pgfcorepathusage.code.tex 2014/11/02  (rcs-revision 1.24)
\pgf@shorten@end@additional=\dimen155
\pgf@shorten@start@additional=\dimen156
)
(/usr/share/texlive/texmf-dist/tex/generic/pgf/basiclayer/pgfcorescopes.code.te
x
File: pgfcorescopes.code.tex 2015/05/08  (rcs-revision 1.46)
\pgfpic=\box36
\pgf@hbox=\box37
\pgf@layerbox@main=\box38
\pgf@picture@serial@count=\count115
)
(/usr/share/texlive/texmf-dist/tex/generic/pgf/basiclayer/pgfcoregraphicstate.c
ode.tex
File: pgfcoregraphicstate.code.tex 2014/11/02  (rcs-revision 1.12)
\pgflinewidth=\dimen157
)
(/usr/share/texlive/texmf-dist/tex/generic/pgf/basiclayer/pgfcoretransformation
s.code.tex
File: pgfcoretransformations.code.tex 2015/08/07  (rcs-revision 1.20)
\pgf@pt@x=\dimen158
\pgf@pt@y=\dimen159
\pgf@pt@temp=\dimen160
)
(/usr/share/texlive/texmf-dist/tex/generic/pgf/basiclayer/pgfcorequick.code.tex
File: pgfcorequick.code.tex 2008/10/09  (rcs-revision 1.3)
)
(/usr/share/texlive/texmf-dist/tex/generic/pgf/basiclayer/pgfcoreobjects.code.t
ex
File: pgfcoreobjects.code.tex 2006/10/11  (rcs-revision 1.2)
)
(/usr/share/texlive/texmf-dist/tex/generic/pgf/basiclayer/pgfcorepathprocessing
.code.tex
File: pgfcorepathprocessing.code.tex 2013/09/09  (rcs-revision 1.9)
)
(/usr/share/texlive/texmf-dist/tex/generic/pgf/basiclayer/pgfcorearrows.code.te
x
File: pgfcorearrows.code.tex 2015/05/14  (rcs-revision 1.43)
\pgfarrowsep=\dimen161
)
(/usr/share/texlive/texmf-dist/tex/generic/pgf/basiclayer/pgfcoreshade.code.tex
File: pgfcoreshade.code.tex 2013/07/15  (rcs-revision 1.15)
\pgf@max=\dimen162
\pgf@sys@shading@range@num=\count116
)
(/usr/share/texlive/texmf-dist/tex/generic/pgf/basiclayer/pgfcoreimage.code.tex
File: pgfcoreimage.code.tex 2013/07/15  (rcs-revision 1.18)

(/usr/share/texlive/texmf-dist/tex/generic/pgf/basiclayer/pgfcoreexternal.code.
tex
File: pgfcoreexternal.code.tex 2014/07/09  (rcs-revision 1.21)
\pgfexternal@startupbox=\box39
))
(/usr/share/texlive/texmf-dist/tex/generic/pgf/basiclayer/pgfcorelayers.code.te
x
File: pgfcorelayers.code.tex 2013/07/18  (rcs-revision 1.7)
)
(/usr/share/texlive/texmf-dist/tex/generic/pgf/basiclayer/pgfcoretransparency.c
ode.tex
File: pgfcoretransparency.code.tex 2013/09/30  (rcs-revision 1.5)
)
(/usr/share/texlive/texmf-dist/tex/generic/pgf/basiclayer/pgfcorepatterns.code.
tex
File: pgfcorepatterns.code.tex 2013/11/07  (rcs-revision 1.5)
))) (/usr/share/texlive/texmf-dist/tex/latex/pgf/utilities/xxcolor.sty
Package: xxcolor 2003/10/24 ver 0.1
\XC@nummixins=\count117
\XC@countmixins=\count118
)
(/usr/share/texlive/texmf-dist/tex/generic/oberdiek/atbegshi.sty
Package: atbegshi 2016/06/09 v1.18 At begin shipout hook (HO)

(/usr/share/texlive/texmf-dist/tex/generic/oberdiek/infwarerr.sty
Package: infwarerr 2016/05/16 v1.4 Providing info/warning/error messages (HO)
)
(/usr/share/texlive/texmf-dist/tex/generic/oberdiek/ltxcmds.sty
Package: ltxcmds 2016/05/16 v1.23 LaTeX kernel commands for general use (HO)
))
(/usr/share/texlive/texmf-dist/tex/latex/hyperref/hyperref.sty
Package: hyperref 2017/03/14 v6.85a Hypertext links for LaTeX

(/usr/share/texlive/texmf-dist/tex/generic/oberdiek/hobsub-hyperref.sty
Package: hobsub-hyperref 2016/05/16 v1.14 Bundle oberdiek, subset hyperref (HO)


(/usr/share/texlive/texmf-dist/tex/generic/oberdiek/hobsub-generic.sty
Package: hobsub-generic 2016/05/16 v1.14 Bundle oberdiek, subset generic (HO)
Package: hobsub 2016/05/16 v1.14 Construct package bundles (HO)
Package hobsub Info: Skipping package `infwarerr' (already loaded).
Package hobsub Info: Skipping package `ltxcmds' (already loaded).
Package: ifluatex 2016/05/16 v1.4 Provides the ifluatex switch (HO)
Package ifluatex Info: LuaTeX not detected.
Package hobsub Info: Skipping package `ifvtex' (already loaded).
Package: intcalc 2016/05/16 v1.2 Expandable calculations with integers (HO)
Package hobsub Info: Skipping package `ifpdf' (already loaded).
Package: etexcmds 2016/05/16 v1.6 Avoid name clashes with e-TeX commands (HO)
Package etexcmds Info: Could not find \expanded.
(etexcmds)             That can mean that you are not using pdfTeX 1.50 or
(etexcmds)             that some package has redefined \expanded.
(etexcmds)             In the latter case, load this package earlier.
Package: kvsetkeys 2016/05/16 v1.17 Key value parser (HO)
Package: kvdefinekeys 2016/05/16 v1.4 Define keys (HO)
Package: pdftexcmds 2017/03/19 v0.25 Utility functions of pdfTeX for LuaTeX (HO
)
Package pdftexcmds Info: LuaTeX not detected.
Package pdftexcmds Info: pdfTeX >= 1.30 not detected.
Package pdftexcmds Info: \pdf@primitive is available.
Package pdftexcmds Info: \pdf@ifprimitive is available.
Package pdftexcmds Info: \pdfdraftmode not found.
Package: pdfescape 2016/05/16 v1.14 Implements pdfTeX's escape features (HO)
Package: bigintcalc 2016/05/16 v1.4 Expandable calculations on big integers (HO
)
Package: bitset 2016/05/16 v1.2 Handle bit-vector datatype (HO)
Package: uniquecounter 2016/05/16 v1.3 Provide unlimited unique counter (HO)
)
Package hobsub Info: Skipping package `hobsub' (already loaded).
Package: letltxmacro 2016/05/16 v1.5 Let assignment for LaTeX macros (HO)
Package: hopatch 2016/05/16 v1.3 Wrapper for package hooks (HO)
Package: xcolor-patch 2016/05/16 xcolor patch
Package: atveryend 2016/05/16 v1.9 Hooks at the very end of document (HO)
Package hobsub Info: Skipping package `atbegshi' (already loaded).
Package: refcount 2016/05/16 v3.5 Data extraction from label references (HO)
Package: hycolor 2016/05/16 v1.8 Color options for hyperref/bookmark (HO)
)
(/usr/share/texlive/texmf-dist/tex/latex/oberdiek/auxhook.sty
Package: auxhook 2016/05/16 v1.4 Hooks for auxiliary files (HO)
)
(/usr/share/texlive/texmf-dist/tex/latex/oberdiek/kvoptions.sty
Package: kvoptions 2016/05/16 v3.12 Key value format for package options (HO)
)
\@linkdim=\dimen163
\Hy@linkcounter=\count119
\Hy@pagecounter=\count120

(/usr/share/texlive/texmf-dist/tex/latex/hyperref/pd1enc.def
File: pd1enc.def 2017/03/14 v6.85a Hyperref: PDFDocEncoding definition (HO)
)
\Hy@SavedSpaceFactor=\count121

(/usr/share/texlive/texmf-dist/tex/latex/latexconfig/hyperref.cfg
File: hyperref.cfg 2002/06/06 v1.2 hyperref configuration of TeXLive
)
Package hyperref Info: Option `bookmarks' set `true' on input line 4374.
Package hyperref Info: Option `bookmarksopen' set `true' on input line 4374.
Package hyperref Info: Option `implicit' set `false' on input line 4374.
Package hyperref Info: Hyper figures OFF on input line 4498.
Package hyperref Info: Link nesting OFF on input line 4503.
Package hyperref Info: Hyper index ON on input line 4506.
Package hyperref Info: Plain pages OFF on input line 4513.
Package hyperref Info: Backreferencing OFF on input line 4518.
Package hyperref Info: Implicit mode OFF; no redefinition of LaTeX internals.
Package hyperref Info: Bookmarks ON on input line 4751.
\c@Hy@tempcnt=\count122

(/usr/share/texlive/texmf-dist/tex/latex/url/url.sty
\Urlmuskip=\muskip10
Package: url 2013/09/16  ver 3.4  Verb mode for urls, etc.
)
LaTeX Info: Redefining \url on input line 5104.
\XeTeXLinkMargin=\dimen164
\Fld@menulength=\count123
\Field@Width=\dimen165
\Fld@charsize=\dimen166
Package hyperref Info: Hyper figures OFF on input line 6358.
Package hyperref Info: Link nesting OFF on input line 6363.
Package hyperref Info: Hyper index ON on input line 6366.
Package hyperref Info: backreferencing OFF on input line 6373.
Package hyperref Info: Link coloring OFF on input line 6378.
Package hyperref Info: Link coloring with OCG OFF on input line 6383.
Package hyperref Info: PDF/A mode OFF on input line 6388.
LaTeX Info: Redefining \ref on input line 6428.
LaTeX Info: Redefining \pageref on input line 6432.
\Hy@abspage=\count124


Package hyperref Message: Stopped early.

)

Package hyperref Message: Driver (autodetected): hxetex.

(/usr/share/texlive/texmf-dist/tex/latex/hyperref/hxetex.def
File: hxetex.def 2017/03/14 v6.85a Hyperref driver for XeTeX

(/usr/share/texlive/texmf-dist/tex/latex/hyperref/puenc.def
File: puenc.def 2017/03/14 v6.85a Hyperref: PDF Unicode definition (HO)
)
(/usr/share/texlive/texmf-dist/tex/generic/oberdiek/stringenc.sty
Package: stringenc 2016/05/16 v1.11 Convert strings between diff. encodings (HO
)
)
\pdfm@box=\box40
\c@Hy@AnnotLevel=\count125
\HyField@AnnotCount=\count126
\Fld@listcount=\count127
\c@bookmark@seq@number=\count128

(/usr/share/texlive/texmf-dist/tex/latex/oberdiek/rerunfilecheck.sty
Package: rerunfilecheck 2016/05/16 v1.8 Rerun checks for auxiliary files (HO)
Package rerunfilecheck Info: Feature \pdfmdfivesum is not available
(rerunfilecheck)             (e.g. pdfTeX or LuaTeX with package `pdftexcmds').

(rerunfilecheck)             Therefore file contents cannot be checked efficien
tly
(rerunfilecheck)             and the loading of the package is aborted.
))
(/usr/share/texlive/texmf-dist/tex/generic/oberdiek/se-ascii-print.def
File: se-ascii-print.def 2016/05/16 v1.11 stringenc: Printable ASCII characters

)
(/usr/share/texlive/texmf-dist/tex/latex/beamer/beamerbaserequires.sty
(/usr/share/texlive/texmf-dist/tex/latex/beamer/beamerbasecompatibility.sty)
(/usr/share/texlive/texmf-dist/tex/latex/beamer/beamerbasefont.sty
(/usr/share/texlive/texmf-dist/tex/latex/amsfonts/amssymb.sty
Package: amssymb 2013/01/14 v3.01 AMS font symbols

(/usr/share/texlive/texmf-dist/tex/latex/amsfonts/amsfonts.sty
Package: amsfonts 2013/01/14 v3.01 Basic AMSFonts support
\@emptytoks=\toks26
\symAMSa=\mathgroup4
\symAMSb=\mathgroup5
LaTeX Font Info:    Overwriting math alphabet `\mathfrak' in version `bold'
(Font)                  U/euf/m/n --> U/euf/b/n on input line 106.
))
(/usr/share/texlive/texmf-dist/tex/latex/sansmathaccent/sansmathaccent.sty
Package: sansmathaccent 2013/03/28

(/usr/share/texlive/texmf-dist/tex/latex/filehook/filehook.sty
Package: filehook 2011/10/12 v0.5d Hooks for input files
)))
(/usr/share/texlive/texmf-dist/tex/latex/beamer/beamerbasetranslator.sty
(/usr/share/texlive/texmf-dist/tex/latex/beamer/translator/translator.sty
Package: translator 2010/06/12 ver 1.10

(/usr/share/texlive/texmf-dist/tex/latex/beamer/translator/translator-language-
mappings.tex)))
(/usr/share/texlive/texmf-dist/tex/latex/beamer/beamerbasemisc.sty)
(/usr/share/texlive/texmf-dist/tex/latex/beamer/beamerbasetwoscreens.sty)
(/usr/share/texlive/texmf-dist/tex/latex/beamer/beamerbaseoverlay.sty
\beamer@argscount=\count129
\beamer@lastskipcover=\skip44
\beamer@trivlistdepth=\count130
)
(/usr/share/texlive/texmf-dist/tex/latex/beamer/beamerbasetitle.sty)
(/usr/share/texlive/texmf-dist/tex/latex/beamer/beamerbasesection.sty
\c@lecture=\count131
\c@part=\count132
\c@section=\count133
\c@subsection=\count134
\c@subsubsection=\count135
)
(/usr/share/texlive/texmf-dist/tex/latex/beamer/beamerbaseframe.sty
\beamer@framebox=\box41
\beamer@frametitlebox=\box42
\beamer@zoombox=\box43
\beamer@zoomcount=\count136
\beamer@zoomframecount=\count137
\beamer@frametextheight=\dimen167
\c@subsectionslide=\count138
\beamer@frametopskip=\skip45
\beamer@framebottomskip=\skip46
\beamer@frametopskipautobreak=\skip47
\beamer@framebottomskipautobreak=\skip48
\beamer@envbody=\toks27
\framewidth=\dimen168
\c@framenumber=\count139
)
(/usr/share/texlive/texmf-dist/tex/latex/beamer/beamerbaseverbatim.sty
\beamer@verbatimfileout=\write4
)
(/usr/share/texlive/texmf-dist/tex/latex/beamer/beamerbaseframesize.sty
\beamer@splitbox=\box44
\beamer@autobreakcount=\count140
\beamer@autobreaklastheight=\dimen169
\beamer@frametitletoks=\toks28
\beamer@framesubtitletoks=\toks29
)
(/usr/share/texlive/texmf-dist/tex/latex/beamer/beamerbaseframecomponents.sty
\beamer@footins=\box45
)
(/usr/share/texlive/texmf-dist/tex/latex/beamer/beamerbasecolor.sty)
(/usr/share/texlive/texmf-dist/tex/latex/beamer/beamerbasenotes.sty
\beamer@frameboxcopy=\box46
)
(/usr/share/texlive/texmf-dist/tex/latex/beamer/beamerbasetoc.sty)
(/usr/share/texlive/texmf-dist/tex/latex/beamer/beamerbasetemplates.sty
\beamer@sbttoks=\toks30

(/usr/share/texlive/texmf-dist/tex/latex/beamer/beamerbaseauxtemplates.sty
(/usr/share/texlive/texmf-dist/tex/latex/beamer/beamerbaseboxes.sty
\bmb@box=\box47
\bmb@colorbox=\box48
\bmb@boxshadow=\box49
\bmb@boxshadowball=\box50
\bmb@boxshadowballlarge=\box51
\bmb@temp=\dimen170
\bmb@dima=\dimen171
\bmb@dimb=\dimen172
\bmb@prevheight=\dimen173
)
\beamer@blockheadheight=\dimen174
))
(/usr/share/texlive/texmf-dist/tex/latex/beamer/beamerbaselocalstructure.sty
(/usr/share/texlive/texmf-dist/tex/latex/tools/enumerate.sty
Package: enumerate 2015/07/23 v3.00 enumerate extensions (DPC)
\@enLab=\toks31
)
\c@figure=\count141
\c@table=\count142
\abovecaptionskip=\skip49
\belowcaptionskip=\skip50
)
(/usr/share/texlive/texmf-dist/tex/latex/beamer/beamerbasenavigation.sty
\beamer@section@min@dim=\dimen175
)
(/usr/share/texlive/texmf-dist/tex/latex/beamer/beamerbasetheorems.sty
(/usr/share/texlive/texmf-dist/tex/latex/amsmath/amsmath.sty
Package: amsmath 2017/09/02 v2.17a AMS math features
\@mathmargin=\skip51

For additional information on amsmath, use the `?' option.
(/usr/share/texlive/texmf-dist/tex/latex/amsmath/amstext.sty
Package: amstext 2000/06/29 v2.01 AMS text

(/usr/share/texlive/texmf-dist/tex/latex/amsmath/amsgen.sty
File: amsgen.sty 1999/11/30 v2.0 generic functions
\@emptytoks=\toks32
\ex@=\dimen176
))
(/usr/share/texlive/texmf-dist/tex/latex/amsmath/amsbsy.sty
Package: amsbsy 1999/11/29 v1.2d Bold Symbols
\pmbraise@=\dimen177
)
(/usr/share/texlive/texmf-dist/tex/latex/amsmath/amsopn.sty
Package: amsopn 2016/03/08 v2.02 operator names
)
\inf@bad=\count143
LaTeX Info: Redefining \frac on input line 213.
\uproot@=\count144
\leftroot@=\count145
LaTeX Info: Redefining \overline on input line 375.
\classnum@=\count146
\DOTSCASE@=\count147
LaTeX Info: Redefining \ldots on input line 472.
LaTeX Info: Redefining \dots on input line 475.
LaTeX Info: Redefining \cdots on input line 596.
\Mathstrutbox@=\box52
\strutbox@=\box53
\big@size=\dimen178
LaTeX Font Info:    Redeclaring font encoding OML on input line 712.
LaTeX Font Info:    Redeclaring font encoding OMS on input line 713.
\macc@depth=\count148
\c@MaxMatrixCols=\count149
\dotsspace@=\muskip11
\c@parentequation=\count150
\dspbrk@lvl=\count151
\tag@help=\toks33
\row@=\count152
\column@=\count153
\maxfields@=\count154
\andhelp@=\toks34
\eqnshift@=\dimen179
\alignsep@=\dimen180
\tagshift@=\dimen181
\tagwidth@=\dimen182
\totwidth@=\dimen183
\lineht@=\dimen184
\@envbody=\toks35
\multlinegap=\skip52
\multlinetaggap=\skip53
\mathdisplay@stack=\toks36
LaTeX Info: Redefining \[ on input line 2817.
LaTeX Info: Redefining \] on input line 2818.
)
(/usr/share/texlive/texmf-dist/tex/latex/amscls/amsthm.sty
Package: amsthm 2015/03/04 v2.20.2
\thm@style=\toks37
\thm@bodyfont=\toks38
\thm@headfont=\toks39
\thm@notefont=\toks40
\thm@headpunct=\toks41
\thm@preskip=\skip54
\thm@postskip=\skip55
\thm@headsep=\skip56
\dth@everypar=\toks42
)
\c@theorem=\count155
)
(/usr/share/texlive/texmf-dist/tex/latex/beamer/beamerbasethemes.sty))
(/usr/share/texlive/texmf-dist/tex/latex/beamer/themes/theme/beamerthemedefault
.sty
(/usr/share/texlive/texmf-dist/tex/latex/beamer/themes/font/beamerfontthemedefa
ult.sty)
(/usr/share/texlive/texmf-dist/tex/latex/beamer/themes/color/beamercolorthemede
fault.sty)
(/usr/share/texlive/texmf-dist/tex/latex/beamer/themes/inner/beamerinnerthemede
fault.sty
\beamer@dima=\dimen185
\beamer@dimb=\dimen186
)
(/usr/share/texlive/texmf-dist/tex/latex/beamer/themes/outer/beamerouterthemede
fault.sty)))
(/usr/share/texlive/texmf-dist/tex/latex/beamer/themes/theme/beamerthemeCambrid
geUS.sty
(/usr/share/texlive/texmf-dist/tex/latex/beamer/themes/inner/beamerinnerthemero
unded.sty)
(/usr/share/texlive/texmf-dist/tex/latex/beamer/themes/outer/beamerouterthemein
folines.sty)
(/usr/share/texlive/texmf-dist/tex/latex/beamer/themes/color/beamercolorthemebe
aver.sty)) (/usr/share/texlive/texmf-dist/tex/xelatex/xecjk/xeCJK.sty
(/usr/share/texlive/texmf-dist/tex/latex/l3kernel/expl3.sty
Package: expl3 2017/07/19 L3 programming layer (loader) 

(/usr/share/texlive/texmf-dist/tex/latex/l3kernel/expl3-code.tex
Package: expl3 2017/07/19 L3 programming layer (code)
\c_max_int=\count156
\l_tmpa_int=\count157
\l_tmpb_int=\count158
\g_tmpa_int=\count159
\g_tmpb_int=\count160
\g__intarray_font_int=\count161
\g__prg_map_int=\count162
\c_log_iow=\count163
\l_iow_line_count_int=\count164
\l__iow_line_target_int=\count165
\l__iow_one_indent_int=\count166
\l__iow_indent_int=\count167
\c_zero_dim=\dimen187
\c_max_dim=\dimen188
\l_tmpa_dim=\dimen189
\l_tmpb_dim=\dimen190
\g_tmpa_dim=\dimen191
\g_tmpb_dim=\dimen192
\c_zero_skip=\skip57
\c_max_skip=\skip58
\l_tmpa_skip=\skip59
\l_tmpb_skip=\skip60
\g_tmpa_skip=\skip61
\g_tmpb_skip=\skip62
\c_zero_muskip=\muskip12
\c_max_muskip=\muskip13
\l_tmpa_muskip=\muskip14
\l_tmpb_muskip=\muskip15
\g_tmpa_muskip=\muskip16
\g_tmpb_muskip=\muskip17
\l_keys_choice_int=\count168
\c__fp_leading_shift_int=\count169
\c__fp_middle_shift_int=\count170
\c__fp_trailing_shift_int=\count171
\c__fp_big_leading_shift_int=\count172
\c__fp_big_middle_shift_int=\count173
\c__fp_big_trailing_shift_int=\count174
\c__fp_Bigg_leading_shift_int=\count175
\c__fp_Bigg_middle_shift_int=\count176
\c__fp_Bigg_trailing_shift_int=\count177
\l__sort_length_int=\count178
\l__sort_min_int=\count179
\l__sort_top_int=\count180
\l__sort_max_int=\count181
\l__sort_true_max_int=\count182
\l__sort_block_int=\count183
\l__sort_begin_int=\count184
\l__sort_end_int=\count185
\l__sort_A_int=\count186
\l__sort_B_int=\count187
\l__sort_C_int=\count188
\l__tl_build_start_index_int=\count189
\l__tl_build_index_int=\count190
\l__tl_analysis_normal_int=\count191
\l__tl_analysis_index_int=\count192
\l__tl_analysis_nesting_int=\count193
\l__tl_analysis_type_int=\count194
\l__regex_internal_a_int=\count195
\l__regex_internal_b_int=\count196
\l__regex_internal_c_int=\count197
\l__regex_balance_int=\count198
\l__regex_group_level_int=\count199
\l__regex_mode_int=\count266
\c__regex_cs_in_class_mode_int=\count267
\c__regex_cs_mode_int=\count268
\l__regex_catcodes_int=\count269
\l__regex_default_catcodes_int=\count270
\c__regex_catcode_L_int=\count271
\c__regex_catcode_O_int=\count272
\c__regex_catcode_A_int=\count273
\c__regex_all_catcodes_int=\count274
\l__regex_show_lines_int=\count275
\l__regex_min_state_int=\count276
\l__regex_max_state_int=\count277
\l__regex_left_state_int=\count278
\l__regex_right_state_int=\count279
\l__regex_capturing_group_int=\count280
\l__regex_min_pos_int=\count281
\l__regex_max_pos_int=\count282
\l__regex_curr_pos_int=\count283
\l__regex_start_pos_int=\count284
\l__regex_success_pos_int=\count285
\l__regex_curr_char_int=\count286
\l__regex_curr_catcode_int=\count287
\l__regex_last_char_int=\count288
\l__regex_case_changed_char_int=\count289
\l__regex_curr_state_int=\count290
\l__regex_step_int=\count291
\l__regex_min_active_int=\count292
\l__regex_max_active_int=\count293
\l__regex_replacement_csnames_int=\count294
\l__regex_match_count_int=\count295
\l__regex_min_submatch_int=\count296
\l__regex_submatch_int=\count297
\l__regex_zeroth_submatch_int=\count298
\g__debug_trace_regex_int=\count299
\c_empty_box=\box54
\l_tmpa_box=\box55
\l_tmpb_box=\box56
\g_tmpa_box=\box57
\g_tmpb_box=\box58
\l__box_top_dim=\dimen193
\l__box_bottom_dim=\dimen194
\l__box_left_dim=\dimen195
\l__box_right_dim=\dimen196
\l__box_top_new_dim=\dimen197
\l__box_bottom_new_dim=\dimen198
\l__box_left_new_dim=\dimen199
\l__box_right_new_dim=\dimen256
\l__box_internal_box=\box59
\l__coffin_internal_box=\box60
\l__coffin_internal_dim=\dimen257
\l__coffin_offset_x_dim=\dimen258
\l__coffin_offset_y_dim=\dimen259
\l__coffin_x_dim=\dimen260
\l__coffin_y_dim=\dimen261
\l__coffin_x_prime_dim=\dimen262
\l__coffin_y_prime_dim=\dimen263
\c_empty_coffin=\box61
\l__coffin_aligned_coffin=\box62
\l__coffin_aligned_internal_coffin=\box63
\l_tmpa_coffin=\box64
\l_tmpb_coffin=\box65
\l__coffin_display_coffin=\box66
\l__coffin_display_coord_coffin=\box67
\l__coffin_display_pole_coffin=\box68
\l__coffin_display_offset_dim=\dimen264
\l__coffin_display_x_dim=\dimen265
\l__coffin_display_y_dim=\dimen266
\l__coffin_bounding_shift_dim=\dimen267
\l__coffin_left_corner_dim=\dimen268
\l__coffin_right_corner_dim=\dimen269
\l__coffin_bottom_corner_dim=\dimen270
\l__coffin_top_corner_dim=\dimen271
\l__coffin_scaled_total_height_dim=\dimen272
\l__coffin_scaled_width_dim=\dimen273
)
(/usr/share/texlive/texmf-dist/tex/latex/l3kernel/l3xdvipdfmx.def
File: l3xdvidpfmx.def 2017/03/18 v L3 Experimental driver: xdvipdfmx
\g__driver_image_int=\count300
\l__driver_tmp_box=\box69
))
Package: xeCJK 2017/08/07 v3.5.0 Typesetting CJK scripts with XeLaTeX

(/usr/share/texlive/texmf-dist/tex/latex/l3packages/xtemplate/xtemplate.sty
Package: xtemplate 2017/07/19 L3 Experimental prototype document functions
\l__xtemplate_tmp_dim=\dimen274
\l__xtemplate_tmp_int=\count301
\l__xtemplate_tmp_muskip=\muskip18
\l__xtemplate_tmp_skip=\skip63
)
(/usr/share/texlive/texmf-dist/tex/latex/l3packages/xparse/xparse.sty
Package: xparse 2017/07/19 L3 Experimental document command parser
\l__xparse_current_arg_int=\count302
\g__xparse_grabber_int=\count303
\l__xparse_m_args_int=\count304
\l__xparse_mandatory_args_int=\count305
\l__xparse_v_nesting_int=\count306
)
(/usr/share/texlive/texmf-dist/tex/latex/l3packages/l3keys2e/l3keys2e.sty
Package: l3keys2e 2017/07/19 LaTeX2e option processing using LaTeX3 keys
)
\l__xeCJK_tmp_int=\count307
\l__xeCJK_tmp_box=\box70
\l__xeCJK_tmp_dim=\dimen275
\l__xeCJK_tmp_skip=\skip64
.................................................
. LaTeX info: "xparse/define-command"
. 
. Defining command \xeCJKShipoutHook with sig. '' on line 148.
.................................................
\g__xeCJK_spacefactor_int=\count308
\l__xeCJK_begin_int=\count309
\l__xeCJK_end_int=\count310
.................................................
. LaTeX info: "xparse/define-command"
. 
. Defining command \makexeCJKactive with sig. '' on line 379.
.................................................
.................................................
. LaTeX info: "xparse/define-command"
. 
. Defining command \makexeCJKinactive with sig. '' on line 380.
.................................................
\c__xeCJK_CJK_class_int=\XeTeXcharclass1
\c__xeCJK_FullLeft_class_int=\XeTeXcharclass2
\c__xeCJK_FullRight_class_int=\XeTeXcharclass3
\c__xeCJK_HalfLeft_class_int=\XeTeXcharclass4
\c__xeCJK_HalfRight_class_int=\XeTeXcharclass5
\c__xeCJK_NormalSpace_class_int=\XeTeXcharclass6
\c__xeCJK_CM_class_int=\XeTeXcharclass7
\c__xeCJK_HangulJamo_class_int=\XeTeXcharclass8
.................................................
. LaTeX info: "xparse/define-command"
. 
. Defining command \xeCJKDeclareCharClass with sig. 's>{\TrimSpaces }mm' on
. line 545.
.................................................
.................................................
. LaTeX info: "xparse/define-command"
. 
. Defining command \__xeCJK_set_char_class_aux:Nnw with sig.
. 'm>{\SplitArgument {1}{->}}m' on line 566.
.................................................
.................................................
. LaTeX info: "xparse/define-command"
. 
. Defining command \normalspacedchars with sig. 'm' on line 613.
.................................................
.................................................
. LaTeX info: "xparse/define-command"
. 
. Defining command \xeCJKResetPunctClass with sig. '' on line 624.
.................................................
.................................................
. LaTeX info: "xparse/define-command"
. 
. Defining command \xeCJKResetCharClass with sig. '' on line 636.
.................................................
\l__xeCJK_last_skip=\skip65
\g__xeCJK_node_int=\count311
\c__xeCJK_CJK_node_dim=\dimen276
\c__xeCJK_CJK-space_node_dim=\dimen277
\c__xeCJK_default_node_dim=\dimen278
\c__xeCJK_default-space_node_dim=\dimen279
\c__xeCJK_CJK-widow_node_dim=\dimen280
\c__xeCJK_normalspace_node_dim=\dimen281
\l__xeCJK_ccglue_skip=\skip66
\l__xeCJK_ecglue_skip=\skip67
.................................................
. LaTeX info: "xparse/define-command"
. 
. Defining command \xeCJKnobreak with sig. '' on line 1466.
.................................................
\l__xeCJK_widow_penalty_int=\count312
.................................................
. LaTeX info: "xparse/define-command"
. 
. Defining command \xeCJKDeclareSubCJKBlock with sig. 's>{\TrimSpaces }mm' on
. line 1662.
.................................................
.................................................
. LaTeX info: "xparse/define-command"
. 
. Defining command \xeCJKCancelSubCJKBlock with sig. 'sm' on line 1673.
.................................................
.................................................
. LaTeX info: "xparse/define-command"
. 
. Defining command \xeCJKRestoreSubCJKBlock with sig. 'sm' on line 1682.
.................................................
.................................................
. LaTeX info: "xparse/define-command"
. 
. Defining command \xeCJKsetwidth with sig. 'smm' on line 1780.
.................................................
.................................................
. LaTeX info: "xparse/define-command"
. 
. Defining command \xeCJKsetkern with sig. 'mmm' on line 1784.
.................................................
.................................................
. xtemplate info: "declare-object-type"
. 
. Declaring object type 'xeCJK/punctuation' taking 0 argument(s) on line 1921.
.................................................
\l__xeCJK_fixed_punct_width_dim=\dimen282
\l__xeCJK_mixed_punct_width_dim=\dimen283
\l__xeCJK_middle_punct_width_dim=\dimen284
\l__xeCJK_fixed_margin_width_dim=\dimen285
\l__xeCJK_mixed_margin_width_dim=\dimen286
\l__xeCJK_middle_margin_width_dim=\dimen287
\l__xeCJK_bound_punct_width_dim=\dimen288
\l__xeCJK_bound_margin_width_dim=\dimen289
\l__xeCJK_margin_minimum_dim=\dimen290
\l__xeCJK_kerning_total_width_dim=\dimen291
\l__xeCJK_same_align_margin_dim=\dimen292
\l__xeCJK_different_align_margin_dim=\dimen293
\l__xeCJK_kerning_margin_width_dim=\dimen294
\l__xeCJK_kerning_margin_minimum_dim=\dimen295
\l__xeCJK_bound_dim=\dimen296
\l__xeCJK_reverse_bound_dim=\dimen297
\l__xeCJK_minimum_bound_dim=\dimen298
\l__xeCJK_kerning_margin_dim=\dimen299
\l__xeCJK_original_margin_dim=\dimen300
.................................................
. LaTeX info: "xparse/define-command"
. 
. Defining command \xeCJKDeclarePunctStyle with sig. '>{\TrimSpaces }mm' on
. line 2419.
.................................................
.................................................
. LaTeX info: "xparse/define-command"
. 
. Defining command \xeCJKEditPunctStyle with sig. '>{\TrimSpaces }mm' on line
. 2432.
.................................................
.................................................
. LaTeX info: "xparse/define-command"
. 
. Defining command \setCJKfallbackfamilyfont with sig. 'mom' on line 2524.
.................................................
\g__xeCJK_family_int=\count313
.................................................
. LaTeX info: "xparse/define-command"
. 
. Defining command \CJKfamily with sig. 't+t-m' on line 2951.
.................................................
.................................................
. LaTeX info: "xparse/define-command"
. 
. Defining command \__xeCJK_gobble_CJKfamily:wn with sig. 't+t-m' on line
. 2965.
.................................................
.................................................
. LaTeX info: "xparse/define-command"
. 
. Defining command \__xeCJK_post_arg:w with sig. 'mmmO{}' on line 3024.
.................................................
.................................................
. LaTeX info: "xparse/define-command"
. 
. Defining command \setCJKmainfont with sig. 'om' on line 3030.
.................................................
.................................................
. LaTeX info: "xparse/define-command"
. 
. Defining command \setCJKsansfont with sig. 'om' on line 3037.
.................................................
.................................................
. LaTeX info: "xparse/define-command"
. 
. Defining command \setCJKmonofont with sig. 'om' on line 3043.
.................................................
.................................................
. LaTeX info: "xparse/define-command"
. 
. Defining command \setCJKfamilyfont with sig. 'mom' on line 3054.
.................................................
.................................................
. LaTeX info: "xparse/define-command"
. 
. Defining command \newCJKfontfamily with sig. 'omom' on line 3062.
.................................................
.................................................
. LaTeX info: "xparse/define-command"
. 
. Defining command \CJKfontspec with sig. 'om' on line 3068.
.................................................
.................................................
. LaTeX info: "xparse/define-command"
. 
. Defining command \defaultCJKfontfeatures with sig. 'm' on line 3091.
.................................................
.................................................
. LaTeX info: "xparse/define-command"
. 
. Defining command \addCJKfontfeatures with sig. 'sO{}m' on line 3097.
.................................................
.................................................
. LaTeX info: "xparse/define-command"
. 
. Defining command \setCJKmathfont with sig. 'om' on line 3274.
.................................................
\l__xeCJK_fam_int=\count314
\g__xeCJK_fam_allocation_int=\count315
\l__xeCJK_verb_case_int=\count316
.................................................
. LaTeX info: "xparse/define-command"
. 
. Defining command \xeCJKVerbAddon with sig. '' on line 3514.
.................................................
.................................................
. LaTeX info: "xparse/define-command"
. 
. Defining command \xeCJKOffVerbAddon with sig. '' on line 3518.
.................................................
\l__xeCJK_verb_exspace_skip=\skip68

(/usr/share/texlive/texmf-dist/tex/latex/fontspec/fontspec.sty
Package: fontspec 2017/08/14 v2.6d Font selection for XeLaTeX and LuaLaTeX

(/usr/share/texlive/texmf-dist/tex/latex/fontspec/fontspec-xetex.sty
Package: fontspec-xetex 2017/08/14 v2.6d Font selection for XeLaTeX and LuaLaTe
X
\l__fontspec_script_int=\count317
\l__fontspec_language_int=\count318
\l__fontspec_strnum_int=\count319
\l__fontspec_tmp_int=\count320
\l__fontspec_em_int=\count321
\l__fontspec_emdef_int=\count322
\l__fontspec_strong_int=\count323
\l__fontspec_strongdef_int=\count324
\l__fontspec_tmpa_dim=\dimen301
\l__fontspec_tmpb_dim=\dimen302
\l__fontspec_tmpc_dim=\dimen303
\g__file_internal_ior=\read2

(/usr/share/texlive/texmf-dist/tex/latex/base/fontenc.sty
Package: fontenc 2017/04/05 v2.0i Standard LaTeX package

(/usr/share/texlive/texmf-dist/tex/latex/base/tuenc.def
File: tuenc.def 2017/04/05 v2.0i Standard LaTeX file
LaTeX Font Info:    Redeclaring font encoding TU on input line 82.
))
.................................................
. LaTeX info: "xparse/define-command"
. 
. Defining command \fontspec with sig. 'O{}mO{}' on line 474.
.................................................
.................................................
. LaTeX info: "xparse/define-command"
. 
. Defining command \setmainfont with sig. 'O{}mO{}' on line 485.
.................................................
.................................................
. LaTeX info: "xparse/define-command"
. 
. Defining command \setsansfont with sig. 'O{}mO{}' on line 505.
.................................................
.................................................
. LaTeX info: "xparse/define-command"
. 
. Defining command \setmonofont with sig. 'O{}mO{}' on line 525.
.................................................
.................................................
. LaTeX info: "xparse/define-command"
. 
. Defining command \setromanfont with sig. 'O{}mO{}' on line 545.
.................................................
.................................................
. LaTeX info: "xparse/define-command"
. 
. Defining command \setmathrm with sig. 'O{}mO{}' on line 549.
.................................................
.................................................
. LaTeX info: "xparse/define-command"
. 
. Defining command \setboldmathrm with sig. 'O{}mO{}' on line 557.
.................................................
.................................................
. LaTeX info: "xparse/define-command"
. 
. Defining command \setmathsf with sig. 'O{}mO{}' on line 565.
.................................................
.................................................
. LaTeX info: "xparse/define-command"
. 
. Defining command \setmathtt with sig. 'O{}mO{}' on line 573.
.................................................
.................................................
. LaTeX info: "xparse/define-command"
. 
. Defining command \newfontfamily with sig. 'mO{}mO{}' on line 588.
.................................................
.................................................
. LaTeX info: "xparse/define-command"
. 
. Defining command \newfontface with sig. 'mO{}mO{}' on line 605.
.................................................
.................................................
. LaTeX info: "xparse/define-command"
. 
. Defining command \defaultfontfeatures with sig. 't+om' on line 616.
.................................................
.................................................
. LaTeX info: "xparse/define-command"
. 
. Defining command \addfontfeatures with sig. 'm' on line 647.
.................................................
.................................................
. LaTeX info: "xparse/define-command"
. 
. Defining command \newfontfeature with sig. 'mm' on line 674.
.................................................
.................................................
. LaTeX info: "xparse/define-command"
. 
. Defining command \newAATfeature with sig. 'mmmm' on line 688.
.................................................
.................................................
. LaTeX info: "xparse/define-command"
. 
. Defining command \newopentypefeature with sig. 'mmm' on line 702.
.................................................
.................................................
. LaTeX info: "xparse/define-command"
. 
. Defining command \newICUfeature with sig. 'mmm' on line 722.
.................................................
.................................................
. LaTeX info: "xparse/define-command"
. 
. Defining command \aliasfontfeature with sig. 'mm' on line 726.
.................................................
.................................................
. LaTeX info: "xparse/define-command"
. 
. Defining command \aliasfontfeatureoption with sig. 'mmm' on line 747.
.................................................
.................................................
. LaTeX info: "xparse/define-command"
. 
. Defining command \newfontscript with sig. 'mm' on line 780.
.................................................
.................................................
. LaTeX info: "xparse/define-command"
. 
. Defining command \newfontlanguage with sig. 'mm' on line 784.
.................................................
.................................................
. LaTeX info: "xparse/define-command"
. 
. Defining command \DeclareFontsExtensions with sig. 'm' on line 788.
.................................................
.................................................
. LaTeX info: "xparse/define-command"
. 
. Defining command \IfFontFeatureActiveTF with sig. 'mmm' on line 799.
.................................................
.................................................
. LaTeX info: "xparse/define-command"
. 
. Defining command \EncodingCommand with sig. 'mO{}m' on line 3538.
.................................................
.................................................
. LaTeX info: "xparse/define-command"
. 
. Defining command \EncodingAccent with sig. 'mm' on line 3544.
.................................................
.................................................
. LaTeX info: "xparse/define-command"
. 
. Defining command \EncodingSymbol with sig. 'mm' on line 3550.
.................................................
.................................................
. LaTeX info: "xparse/define-command"
. 
. Defining command \EncodingComposite with sig. 'mmm' on line 3556.
.................................................
.................................................
. LaTeX info: "xparse/define-command"
. 
. Defining command \EncodingCompositeCommand with sig. 'mmm' on line 3562.
.................................................
.................................................
. LaTeX info: "xparse/define-command"
. 
. Defining command \DeclareUnicodeEncoding with sig. 'mm' on line 3587.
.................................................
.................................................
. LaTeX info: "xparse/define-command"
. 
. Defining command \UndeclareSymbol with sig. 'm' on line 3593.
.................................................
.................................................
. LaTeX info: "xparse/define-command"
. 
. Defining command \UndeclareComposite with sig. 'mm' on line 3601.
.................................................

(/usr/share/texlive/texmf-dist/tex/latex/fontspec/fontspec.cfg)
LaTeX Info: Redefining \itshape on input line 3786.
LaTeX Info: Redefining \slshape on input line 3791.
LaTeX Info: Redefining \scshape on input line 3796.
LaTeX Info: Redefining \upshape on input line 3801.
LaTeX Info: Redefining \em on input line 3831.
LaTeX Info: Redefining \emph on input line 3856.
LaTeX Font Info:    Font shape `TU/lmss/m/it' in size <10.95> not available
(Font)              Font shape `TU/lmss/m/sl' tried instead on input line 3906.

LaTeX Info: Redefining \- on input line 3907.
.................................................
. LaTeX info: "xparse/redefine-command"
. 
. Redefining command \oldstylenums with sig. 'm' on line 4002.
.................................................
.................................................
. LaTeX info: "xparse/define-command"
. 
. Defining command \liningnums with sig. 'm' on line 4006.
.................................................
))
(/usr/share/texlive/texmf-dist/tex/xelatex/xecjk/xunicode-addon.sty
Package: xunicode-addon 2017/08/07 v3.5.0 addon file for xunicode

(/usr/share/texlive/texmf-dist/tex/xelatex/xunicode/xunicode.sty
File: xunicode.sty 2011/09/09 v0.981 provides access to latin accents and many 
other characters in Unicode lower plane

(/usr/share/texmf/tex/latex/tipa/t3enc.def
File: t3enc.def 2001/12/31 T3 encoding
)
\tipaTiiicode=\count325
\tipasavetokens=\toks43
\tipachecktokens=\toks44
)
.................................................
. LaTeX info: "xparse/redefine-command"
. 
. Redefining command \ReloadXunicode with sig. 'm' on line 82.
.................................................
.................................................
. LaTeX info: "xparse/redefine-command"
. 
. Redefining command \DeclareUTFmathsymbols with sig. 'm' on line 127.
.................................................
.................................................
. LaTeX info: "xparse/redefine-command"
. 
. Redefining command \UseMathAsText with sig. '' on line 136.
.................................................
.................................................
. LaTeX info: "xparse/redefine-command"
. 
. Redefining command \UndeclareUTFcharacter with sig. 'O{\UTFencname }mm' on
. line 171.
.................................................
.................................................
. LaTeX info: "xparse/redefine-command"
. 
. Redefining command \UndeclareUTFcomposite with sig. 'O{\UTFencname }mmm' on
. line 178.
.................................................
.................................................
. LaTeX info: "xparse/redefine-command"
. 
. Redefining command \DeclareUTFcharacter with sig. 'O{\UTFencname }mm' on
. line 205.
.................................................
.................................................
. LaTeX info: "xparse/define-command"
. 
. Defining command \DeclareUTFSymbol with sig. 'mO{\UTFencname }m' on line
. 231.
.................................................
.................................................
. LaTeX info: "xparse/define-command"
. 
. Defining command \DeclareUTFCommand with sig. 'mO{\UTFencname }m' on line
. 233.
.................................................
.................................................
. LaTeX info: "xparse/redefine-command"
. 
. Redefining command \DeclareUTFcomposite with sig. 'O{\UTFencname }mmm' on
. line 274.
.................................................
.................................................
. LaTeX info: "xparse/define-command"
. 
. Defining command \DeclareUTFCompositeCommand with sig. 'mO{\UTFencname }mm'
. on line 287.
.................................................
.................................................
. LaTeX info: "xparse/define-command"
. 
. Defining command \DeclareUTFCompositeSymbol with sig. 'mO{\UTFencname }mm'
. on line 292.
.................................................
.................................................
. LaTeX info: "xparse/define-command"
. 
. Defining command \DeclareUTFComposite with sig. 'mO{\UTFencname }' on line
. 294.
.................................................
.................................................
. LaTeX info: "xparse/define-command"
. 
. Defining command \DeclareUTFEncodedAccent with sig. 'mO{\UTFencname }mm' on
. line 296.
.................................................
.................................................
. LaTeX info: "xparse/define-command"
. 
. Defining command \DeclareUTFEncodedAccents with sig. 'mO{\UTFencname }mm' on
. line 298.
.................................................
.................................................
. LaTeX info: "xparse/define-command"
. 
. Defining command \DeclareUTFEncodedSymbol with sig. 'mO{\UTFencname }mm' on
. line 300.
.................................................
.................................................
. LaTeX info: "xparse/define-command"
. 
. Defining command \DeclareUTFEncodedCircle with sig. 'mO{\UTFencname }mm' on
. line 302.
.................................................
.................................................
. LaTeX info: "xparse/redefine-command"
. 
. Redefining command \DeclareEncodedCompositeCharacter with sig. 'mmmm' on
. line 304.
.................................................
.................................................
. LaTeX info: "xparse/redefine-command"
. 
. Redefining command \DeclareEncodedCompositeAccents with sig. 'mmmm' on line
. 306.
.................................................
.................................................
. LaTeX info: "xparse/define-command"
. 
. Defining command \DeclareUTFDoubleEncodedAccent with sig. 'mO{\UTFencname
. }mm' on line 308.
.................................................
.................................................
. LaTeX info: "xparse/define-command"
. 
. Defining command \DeclareUTFDoubleEncodedSymbol with sig. 'mO{\UTFencname
. }mm' on line 310.
.................................................
\l__xunadd_tmp_coffin=\box71
\l__xunadd_circle_coffin=\box72
.................................................
. LaTeX info: "xparse/define-command"
. 
. Defining command \settextcircledratio with sig. 'm' on line 459.
.................................................
.................................................
. LaTeX info: "xparse/define-command"
. 
. Defining command \AtBeginUTFCommand with sig. 'sO{}+m' on line 528.
.................................................
.................................................
. LaTeX info: "xparse/define-command"
. 
. Defining command \AtEndUTFCommand with sig. 'sO{}+m' on line 538.
.................................................
.................................................
. LaTeX info: "xparse/define-command"
. 
. Defining command \DeclareUTFTIPACommand with sig. 'O{\UTFencname }m' on line
. 570.
.................................................
)
(/usr/share/texlive/texmf-dist/tex/xelatex/xunicode/xunicode.sty
File: xunicode.sty 2011/09/09 v0.981 provides access to latin accents and many 
other characters in Unicode lower plane

*** Reloading Xunicode for encoding 'TU' ***
) (/usr/share/texlive/texmf-dist/tex/xelatex/xecjk/xunicode-extra.def
File: xunicode-extra.def 2017/08/07 v3.5.0 extra definition for xunicode
)
.................................................
. LaTeX info: "xparse/define-command"
. 
. Defining command \xeCJKsetup with sig. '+m' on line 3819.
.................................................
.................................................
. LaTeX info: "xparse/define-command"
. 
. Defining command \xeCJKsetemboldenfactor with sig. 'm' on line 3821.
.................................................
.................................................
. LaTeX info: "xparse/define-command"
. 
. Defining command \xeCJKsetslantfactor with sig. 'm' on line 3823.
.................................................
.................................................
. LaTeX info: "xparse/define-command"
. 
. Defining command \punctstyle with sig. 'm' on line 3824.
.................................................
.................................................
. LaTeX info: "xparse/define-command"
. 
. Defining command \xeCJKplainchr with sig. '' on line 3825.
.................................................
.................................................
. LaTeX info: "xparse/define-command"
. 
. Defining command \CJKsetecglue with sig. 'm' on line 3826.
.................................................
.................................................
. LaTeX info: "xparse/define-command"
. 
. Defining command \CJKspace with sig. '' on line 3828.
.................................................
.................................................
. LaTeX info: "xparse/define-command"
. 
. Defining command \CJKnospace with sig. '' on line 3829.
.................................................
.................................................
. LaTeX info: "xparse/define-command"
. 
. Defining command \xeCJKallowbreakbetweenpuncts with sig. '' on line 3831.
.................................................
.................................................
. LaTeX info: "xparse/define-command"
. 
. Defining command \xeCJKnobreakbetweenpuncts with sig. '' on line 3833.
.................................................
.................................................
. LaTeX info: "xparse/define-command"
. 
. Defining command \xeCJKenablefallback with sig. '' on line 3835.
.................................................
.................................................
. LaTeX info: "xparse/define-command"
. 
. Defining command \xeCJKdisablefallback with sig. '' on line 3837.
.................................................
.................................................
. LaTeX info: "xparse/define-command"
. 
. Defining command \xeCJKsetcharclass with sig. 'mmm' on line 3842.
.................................................
.................................................
. LaTeX info: "xparse/redefine-command"
. 
. Redefining command \nobreakspace with sig. '' on line 3988.
.................................................
.................................................
. LaTeX info: "xparse/redefine-command"
. 
. Redefining command \fontfamily with sig. 'm' on line 4028.
.................................................

(/usr/share/texlive/texmf-dist/tex/xelatex/xecjk/xeCJK.cfg
File: xeCJK.cfg 2017/08/07 v3.5.0 Configuration file for xeCJK package
))
(/usr/share/texlive/texmf-dist/tex/generic/babel/babel.sty
Package: babel 2017/09/18 3.13 The Babel package

(/usr/share/texlive/texmf-dist/tex/generic/babel/switch.def
File: switch.def 2017/09/18 3.13 Babel switching mechanism
)
(/usr/share/texlive/texmf-dist/tex/generic/babel-english/english.ldf
Language: english 2017/06/06 v3.3r English support from the babel system

(/usr/share/texlive/texmf-dist/tex/generic/babel/babel.def
File: babel.def 2017/09/18 3.13 Babel common definitions

(/usr/share/texlive/texmf-dist/tex/generic/babel/switch.def
File: switch.def 2017/09/18 3.13 Babel switching mechanism
)
\babel@savecnt=\count326
\U@D=\dimen304

(/usr/share/texlive/texmf-dist/tex/generic/babel/xebabel.def)
LaTeX Info: Redefining \textlatin on input line 1739.
\bbl@dirlevel=\count327
)
\l@canadian = a dialect from \language\l@american 
\l@australian = a dialect from \language\l@british 
\l@newzealand = a dialect from \language\l@british 
))
(/usr/share/texlive/texmf-dist/tex/latex/base/inputenc.sty
Package: inputenc 2015/03/17 v1.2c Input encoding file
\inpenc@prehook=\toks45
\inpenc@posthook=\toks46


Package inputenc Warning: inputenc package ignored with utf8 based engines.

) (/usr/share/texlive/texmf-dist/tex/latex/psnfss/times.sty
Package: times 2005/04/12 PSNFSS-v9.2a (SPQR) 
)
(/usr/share/texlive/texmf-dist/tex/latex/base/fontenc.sty
Package: fontenc 2017/04/05 v2.0i Standard LaTeX package

(/usr/share/texlive/texmf-dist/tex/latex/base/t1enc.def
File: t1enc.def 2017/04/05 v2.0i Standard LaTeX file
LaTeX Font Info:    Redeclaring font encoding T1 on input line 48.
)
LaTeX Font Info:    Try loading font information for T1+lmss on input line 105.


(/usr/share/texmf/tex/latex/lm/t1lmss.fd
File: t1lmss.fd 2009/10/30 v1.6 Font defs for Latin Modern
))
(/usr/share/texlive/texmf-dist/tex/latex/psnfss/pifont.sty
Package: pifont 2005/04/12 PSNFSS-v9.2a Pi font support (SPQR) 
LaTeX Font Info:    Try loading font information for U+pzd on input line 63.

(/usr/share/texlive/texmf-dist/tex/latex/psnfss/upzd.fd
File: upzd.fd 2001/06/04 font definitions for U/pzd.
)
LaTeX Font Info:    Try loading font information for U+psy on input line 64.

(/usr/share/texlive/texmf-dist/tex/latex/psnfss/upsy.fd
File: upsy.fd 2001/06/04 font definitions for U/psy.
))
(/usr/share/texlive/texmf-dist/tex/latex/natbib/bibentry.sty
Package: bibentry 2007/10/30 1.5 (PWD)
)
(/usr/share/texlive/texmf-dist/tex/latex/tools/verbatim.sty
Package: verbatim 2014/10/28 v1.5q LaTeX2e package for verbatim enhancements
\every@verbatim=\toks47
\verbatim@line=\toks48
\verbatim@in@stream=\read3
)
*************************************************
* fontspec warning: "script-not-exist-latn"
* 
* Font 'WenQuanYi Micro Hei' does not contain script 'CJK'.
*  'Latin' script used instead.
*************************************************
\g__fontspec_family_WenQuanYiMicroHei_int=\count328
.................................................
. fontspec info: "no-font-shape"
. 
. Could not resolve font "WenQuanYi Micro Hei/BI" (it probably doesn't exist).
.................................................
.................................................
. fontspec info: "no-font-shape"
. 
. Could not resolve font "WenQuanYi Micro Hei/B" (it probably doesn't exist).
.................................................
.................................................
. fontspec info: "no-font-shape"
. 
. Could not resolve font "WenQuanYi Micro Hei/I" (it probably doesn't exist).
.................................................
LaTeX Font Info:    Try loading font information for T1+phv on input line 27.
(/usr/share/texlive/texmf-dist/tex/latex/psnfss/t1phv.fd
File: t1phv.fd 2001/06/04 scalable font definitions for T1/phv.
)
.................................................
. fontspec info: "defining-font"
. 
. Font family 'WenQuanYiMicroHei(0)' created for font 'WenQuanYi Micro Hei'
. with options [Script={CJK}].
.  
.  This font family consists of the following NFSS series/shapes:
.  
. - 'normal' (m/n) with NFSS spec.: <->"WenQuanYi Micro
. Hei/OT:script=latn;language=DFLT;"
. - 'small caps'  (m/sc) with NFSS spec.: 
.................................................

*************************************************
* xeCJK warning: "CJKfamilydefault-undefined"
* 
* Undefined CJK default family `\CJKsfdefault' has been replaced by
* `\CJKrmdefault'.
* 
* Try to use `\setCJKsansfont[...]{...}' to define it.
*************************************************
(./slides.aux)
\openout1 = `slides.aux'.

LaTeX Font Info:    Checking defaults for OML/cmm/m/it on input line 76.
LaTeX Font Info:    ... okay on input line 76.
LaTeX Font Info:    Checking defaults for T1/cmr/m/n on input line 76.
LaTeX Font Info:    ... okay on input line 76.
LaTeX Font Info:    Checking defaults for OT1/cmr/m/n on input line 76.
LaTeX Font Info:    ... okay on input line 76.
LaTeX Font Info:    Checking defaults for OMS/cmsy/m/n on input line 76.
LaTeX Font Info:    ... okay on input line 76.
LaTeX Font Info:    Checking defaults for TU/lmr/m/n on input line 76.
LaTeX Font Info:    ... okay on input line 76.
LaTeX Font Info:    Checking defaults for OMX/cmex/m/n on input line 76.
LaTeX Font Info:    ... okay on input line 76.
LaTeX Font Info:    Checking defaults for U/cmr/m/n on input line 76.
LaTeX Font Info:    ... okay on input line 76.
LaTeX Font Info:    Checking defaults for PD1/pdf/m/n on input line 76.
LaTeX Font Info:    ... okay on input line 76.
LaTeX Font Info:    Checking defaults for PU/pdf/m/n on input line 76.
LaTeX Font Info:    ... okay on input line 76.
LaTeX Font Info:    Checking defaults for T3/cmr/m/n on input line 76.
LaTeX Font Info:    Try loading font information for T3+cmr on input line 76.
 (/usr/share/texmf/tex/latex/tipa/t3cmr.fd
File: t3cmr.fd 2001/12/31 TIPA font definitions
)
LaTeX Font Info:    ... okay on input line 76.

*geometry* driver: auto-detecting
*geometry* detected driver: xetex
*geometry* verbose mode - [ preamble ] result:
* driver: xetex
* paper: custom
* layout: <same size as paper>
* layoutoffset:(h,v)=(0.0pt,0.0pt)
* modes: includehead includefoot 
* h-part:(L,W,R)=(10.95pt, 342.29536pt, 10.95pt)
* v-part:(T,H,B)=(0.0pt, 273.14662pt, 0.0pt)
* \paperwidth=364.19536pt
* \paperheight=273.14662pt
* \textwidth=342.29536pt
* \textheight=244.6939pt
* \oddsidemargin=-61.31999pt
* \evensidemargin=-61.31999pt
* \topmargin=-72.26999pt
* \headheight=14.22636pt
* \headsep=0.0pt
* \topskip=11.0pt
* \footskip=14.22636pt
* \marginparwidth=4.0pt
* \marginparsep=10.0pt
* \columnsep=10.0pt
* \skip\footins=10.0pt plus 4.0pt minus 2.0pt
* \hoffset=0.0pt
* \voffset=0.0pt
* \mag=1000
* \@twocolumnfalse
* \@twosidefalse
* \@mparswitchfalse
* \@reversemarginfalse
* (1in=72.27pt=25.4mm, 1cm=28.453pt)

ABD: EveryShipout initializing macros
\AtBeginShipoutBox=\box73
Package hyperref Info: Link coloring OFF on input line 76.

(/usr/share/texlive/texmf-dist/tex/latex/hyperref/nameref.sty
Package: nameref 2016/05/21 v2.44 Cross-referencing by name of section

(/usr/share/texlive/texmf-dist/tex/generic/oberdiek/gettitlestring.sty
Package: gettitlestring 2016/05/16 v1.5 Cleanup title references (HO)
)
\c@section@level=\count329
)
LaTeX Info: Redefining \ref on input line 76.
LaTeX Info: Redefining \pageref on input line 76.
LaTeX Info: Redefining \nameref on input line 76.

(./slides.out) (./slides.out)
\@outlinefile=\write5
\openout5 = `slides.out'.

LaTeX Font Info:    Overwriting symbol font `operators' in version `normal'
(Font)                  OT1/cmr/m/n --> OT1/cmss/m/n on input line 76.
LaTeX Font Info:    Overwriting symbol font `operators' in version `bold'
(Font)                  OT1/cmr/bx/n --> OT1/cmss/bx/n on input line 76.
\symnumbers=\mathgroup6
\sympureletters=\mathgroup7
LaTeX Font Info:    Overwriting math alphabet `\mathrm' in version `normal'
(Font)                  OT1/cmss/m/n --> T1/ptm/m/n on input line 76.
LaTeX Font Info:    Redeclaring math alphabet \mathbf on input line 76.
LaTeX Font Info:    Overwriting math alphabet `\mathbf' in version `normal'
(Font)                  OT1/cmr/bx/n --> T1/phv/bx/n on input line 76.
LaTeX Font Info:    Overwriting math alphabet `\mathbf' in version `bold'
(Font)                  OT1/cmr/bx/n --> T1/phv/bx/n on input line 76.
LaTeX Font Info:    Redeclaring math alphabet \mathsf on input line 76.
LaTeX Font Info:    Overwriting math alphabet `\mathsf' in version `normal'
(Font)                  OT1/cmss/m/n --> T1/phv/m/n on input line 76.
LaTeX Font Info:    Overwriting math alphabet `\mathsf' in version `bold'
(Font)                  OT1/cmss/bx/n --> T1/phv/m/n on input line 76.
LaTeX Font Info:    Redeclaring math alphabet \mathit on input line 76.
LaTeX Font Info:    Overwriting math alphabet `\mathit' in version `normal'
(Font)                  OT1/cmr/m/it --> T1/phv/m/it on input line 76.
LaTeX Font Info:    Overwriting math alphabet `\mathit' in version `bold'
(Font)                  OT1/cmr/bx/it --> T1/phv/m/it on input line 76.
LaTeX Font Info:    Redeclaring math alphabet \mathtt on input line 76.
LaTeX Font Info:    Overwriting math alphabet `\mathtt' in version `normal'
(Font)                  OT1/cmtt/m/n --> T1/pcr/m/n on input line 76.
LaTeX Font Info:    Overwriting math alphabet `\mathtt' in version `bold'
(Font)                  OT1/cmtt/m/n --> T1/pcr/m/n on input line 76.
LaTeX Font Info:    Overwriting symbol font `numbers' in version `bold'
(Font)                  T1/phv/m/n --> T1/phv/bx/n on input line 76.
LaTeX Font Info:    Overwriting symbol font `pureletters' in version `bold'
(Font)                  T1/phv/m/it --> T1/phv/bx/it on input line 76.
LaTeX Font Info:    Overwriting math alphabet `\mathrm' in version `bold'
(Font)                  OT1/cmss/bx/n --> T1/ptm/bx/n on input line 76.
LaTeX Font Info:    Overwriting math alphabet `\mathbf' in version `bold'
(Font)                  T1/phv/bx/n --> T1/phv/bx/n on input line 76.
LaTeX Font Info:    Overwriting math alphabet `\mathsf' in version `bold'
(Font)                  T1/phv/m/n --> T1/phv/bx/n on input line 76.
LaTeX Font Info:    Overwriting math alphabet `\mathit' in version `bold'
(Font)                  T1/phv/m/it --> T1/phv/bx/it on input line 76.
LaTeX Font Info:    Overwriting math alphabet `\mathtt' in version `bold'
(Font)                  T1/pcr/m/n --> T1/pcr/bx/n on input line 76.

(/usr/share/texlive/texmf-dist/tex/latex/beamer/translator/dicts/translator-bas
ic-dictionary/translator-basic-dictionary-English.dict
Dictionary: translator-basic-dictionary, Language: English 
)
(/usr/share/texlive/texmf-dist/tex/latex/beamer/translator/dicts/translator-bib
liography-dictionary/translator-bibliography-dictionary-English.dict
Dictionary: translator-bibliography-dictionary, Language: English 
)
(/usr/share/texlive/texmf-dist/tex/latex/beamer/translator/dicts/translator-env
ironment-dictionary/translator-environment-dictionary-English.dict
Dictionary: translator-environment-dictionary, Language: English 
)
(/usr/share/texlive/texmf-dist/tex/latex/beamer/translator/dicts/translator-mon
ths-dictionary/translator-months-dictionary-English.dict
Dictionary: translator-months-dictionary, Language: English 
)
(/usr/share/texlive/texmf-dist/tex/latex/beamer/translator/dicts/translator-num
bers-dictionary/translator-numbers-dictionary-English.dict
Dictionary: translator-numbers-dictionary, Language: English 
)
(/usr/share/texlive/texmf-dist/tex/latex/beamer/translator/dicts/translator-the
orem-dictionary/translator-theorem-dictionary-English.dict
Dictionary: translator-theorem-dictionary, Language: English 
)
.................................................
. fontspec info: "setup-math"
. 
. Adjusting the maths setup (use [no-math] to avoid this).
.................................................
\symlegacymaths=\mathgroup8
LaTeX Font Info:    Overwriting symbol font `legacymaths' in version `bold'
(Font)                  OT1/cmr/m/n --> OT1/cmr/bx/n on input line 76.
LaTeX Font Info:    Redeclaring math accent \acute on input line 76.
LaTeX Font Info:    Redeclaring math accent \grave on input line 76.
LaTeX Font Info:    Redeclaring math accent \ddot on input line 76.
LaTeX Font Info:    Redeclaring math accent \tilde on input line 76.
LaTeX Font Info:    Redeclaring math accent \bar on input line 76.
LaTeX Font Info:    Redeclaring math accent \breve on input line 76.
LaTeX Font Info:    Redeclaring math accent \check on input line 76.
LaTeX Font Info:    Redeclaring math accent \hat on input line 76.
LaTeX Font Info:    Redeclaring math accent \dot on input line 76.
LaTeX Font Info:    Redeclaring math accent \mathring on input line 76.
LaTeX Font Info:    Redeclaring math symbol \Gamma on input line 76.
LaTeX Font Info:    Redeclaring math symbol \Delta on input line 76.
LaTeX Font Info:    Redeclaring math symbol \Theta on input line 76.
LaTeX Font Info:    Redeclaring math symbol \Lambda on input line 76.
LaTeX Font Info:    Redeclaring math symbol \Xi on input line 76.
LaTeX Font Info:    Redeclaring math symbol \Pi on input line 76.
LaTeX Font Info:    Redeclaring math symbol \Sigma on input line 76.
LaTeX Font Info:    Redeclaring math symbol \Upsilon on input line 76.
LaTeX Font Info:    Redeclaring math symbol \Phi on input line 76.
LaTeX Font Info:    Redeclaring math symbol \Psi on input line 76.
LaTeX Font Info:    Redeclaring math symbol \Omega on input line 76.
LaTeX Font Info:    Redeclaring math symbol \mathdollar on input line 76.
LaTeX Font Info:    Redeclaring symbol font `operators' on input line 76.
LaTeX Font Info:    Encoding `OT1' has changed to `TU' for symbol font
(Font)              `operators' in the math version `normal' on input line 76.
LaTeX Font Info:    Overwriting symbol font `operators' in version `normal'
(Font)                  OT1/cmss/m/n --> TU/ptm/m/n on input line 76.
LaTeX Font Info:    Encoding `OT1' has changed to `TU' for symbol font
(Font)              `operators' in the math version `bold' on input line 76.
LaTeX Font Info:    Overwriting symbol font `operators' in version `bold'
(Font)                  OT1/cmss/bx/n --> TU/ptm/m/n on input line 76.
LaTeX Font Info:    Overwriting symbol font `operators' in version `normal'
(Font)                  TU/ptm/m/n --> TU/ptm/m/n on input line 76.
LaTeX Font Info:    Redeclaring math alphabet \mathrm on input line 76.
LaTeX Font Info:    Overwriting math alphabet `\mathit' in version `normal'
(Font)                  T1/phv/m/it --> TU/ptm/m/it on input line 76.
LaTeX Font Info:    Overwriting math alphabet `\mathbf' in version `normal'
(Font)                  T1/phv/bx/n --> TU/ptm/bx/n on input line 76.
LaTeX Font Info:    Overwriting math alphabet `\mathsf' in version `normal'
(Font)                  T1/phv/m/n --> TU/phv/m/n on input line 76.
LaTeX Font Info:    Overwriting math alphabet `\mathtt' in version `normal'
(Font)                  T1/pcr/m/n --> TU/pcr/m/n on input line 76.
LaTeX Font Info:    Overwriting symbol font `operators' in version `bold'
(Font)                  TU/ptm/m/n --> TU/ptm/bx/n on input line 76.
LaTeX Font Info:    Overwriting math alphabet `\mathit' in version `bold'
(Font)                  T1/phv/bx/it --> TU/ptm/bx/it on input line 76.
LaTeX Font Info:    Overwriting math alphabet `\mathsf' in version `bold'
(Font)                  T1/phv/bx/n --> TU/phv/bx/n on input line 76.
LaTeX Font Info:    Overwriting math alphabet `\mathtt' in version `bold'
(Font)                  T1/pcr/bx/n --> TU/pcr/bx/n on input line 76.

*** you should *not* be loading the inputenc package
*** XeTeX expects the source to be in UTF8 encoding
*** some features of other encodings may conflict, resulting in poor output.
.................................................
. LaTeX info: "xparse/redefine-command"
. 
. Redefining command \Pifont with sig. 'm' on line 76.
.................................................
(./slides.nav)
File: ../../utils/logo.jpg Graphic file (type bmp)
<../../utils/logo.jpg>
File: ../../utils/logo.jpg Graphic file (type bmp)
<../../utils/logo.jpg>
 [1

] (./slides.toc)
File: ../../utils/logo.jpg Graphic file (type bmp)
<../../utils/logo.jpg>
 [2

]
File: ../../utils/logo.jpg Graphic file (type bmp)
<../../utils/logo.jpg>
 [3

]
\openout4 = `slides.vrb'.

 (./slides.vrb
*************************************************
* xeCJK warning: "CJKfamily-Unknown"
* 
* Unknown CJK family `\CJKttdefault' is being ignored.
* 
* Try to use `\setCJKmonofont[...]{...}' to define it.
*************************************************
LaTeX Font Info:    Try loading font information for T1+pcr on input line 4.
(/usr/share/texlive/texmf-dist/tex/latex/psnfss/t1pcr.fd
File: t1pcr.fd 2001/06/04 font definitions for T1/pcr.
)
Overfull \hbox (12.4842pt too wide) in paragraph at lines 7--7
[]\T1/pcr/m/n/10.95 <html><head><title>The Dormouse's story</title></head>[] 
 []


Overfull \hbox (229.29395pt too wide) in paragraph at lines 11--11
[]\T1/pcr/m/n/10.95 <p class="story">Once upon a time there were three little s
isters; and their names were[] 
 []


Overfull \hbox (124.17407pt too wide) in paragraph at lines 12--12
[]\T1/pcr/m/n/10.95 <a href="http://example.com/elsie" class="sister" id="link1
">Elsie</a>,[] 
 []


Overfull \hbox (143.88405pt too wide) in paragraph at lines 13--13
[]\T1/pcr/m/n/10.95 <a href="http://example.com/lacie" class="sister" id="link2
">Lacie</a> and[] 
 []


Overfull \hbox (137.31406pt too wide) in paragraph at lines 14--14
[]\T1/pcr/m/n/10.95 <a href="http://example.com/tillie" class="sister" id="link
3">Tillie</a>;[] 
 []

)
Overfull \vbox (17.51201pt too high) detected at line 128
 []

File: ../../utils/logo.jpg Graphic file (type bmp)
<../../utils/logo.jpg>
[4

]
File: ../../utils/logo.jpg Graphic file (type bmp)
<../../utils/logo.jpg>
 [5

]
\openout4 = `slides.vrb'.

 (./slides.vrb
Overfull \hbox (150.45404pt too wide) in paragraph at lines 23--23
[]\T1/pcr/m/n/10.95 #    Once upon a time there were three little sisters; and 
their names were[] 
 []


Overfull \hbox (91.32411pt too wide) in paragraph at lines 24--24
[]\T1/pcr/m/n/10.95 #    <a class="sister" href="http://example.com/elsie" id="
link1">[] 
 []


Overfull \hbox (91.32411pt too wide) in paragraph at lines 28--28
[]\T1/pcr/m/n/10.95 #    <a class="sister" href="http://example.com/lacie" id="
link2">[] 
 []


Overfull \hbox (97.8941pt too wide) in paragraph at lines 32--32
[]\T1/pcr/m/n/10.95 #    <a class="sister" href="http://example.com/tillie" id=
"link2">[] 
 []

)
Overfull \vbox (330.31215pt too high) detected at line 184
 []

File: ../../utils/logo.jpg Graphic file (type bmp)
<../../utils/logo.jpg>
[6

]
File: ../../utils/logo.jpg Graphic file (type bmp)
<../../utils/logo.jpg>
 [7

]
\openout4 = `slides.vrb'.

 (./slides.vrb
Overfull \hbox (130.74406pt too wide) in paragraph at lines 25--25
[]\T1/pcr/m/n/10.95 # <a class="sister" href="http://example.com/elsie" id="lin
k1">Elsie</a>[] 
 []


Overfull \hbox (143.88405pt too wide) in paragraph at lines 28--28
[]\T1/pcr/m/n/10.95 # [<a class="sister" href="http://example.com/elsie" id="li
nk1">Elsie</a>,[] 
 []


Overfull \hbox (143.88405pt too wide) in paragraph at lines 29--29
[]\T1/pcr/m/n/10.95 #  <a class="sister" href="http://example.com/lacie" id="li
nk2">Lacie</a>,[] 
 []


Overfull \hbox (157.02403pt too wide) in paragraph at lines 30--30
[]\T1/pcr/m/n/10.95 #  <a class="sister" href="http://example.com/tillie" id="l
ink3">Tillie</a>][] 
 []


Overfull \hbox (143.88405pt too wide) in paragraph at lines 33--33
[]\T1/pcr/m/n/10.95 # <a class="sister" href="http://example.com/tillie" id="li
nk3">Tillie</a>[] 
 []

)
Overfull \vbox (221.5121pt too high) detected at line 232
 []

File: ../../utils/logo.jpg Graphic file (type bmp)
<../../utils/logo.jpg>
[8

]
File: ../../utils/logo.jpg Graphic file (type bmp)
<../../utils/logo.jpg>
 [9

]
\openout4 = `slides.vrb'.

 (./slides.vrb)
File: ../../utils/logo.jpg Graphic file (type bmp)
<../../utils/logo.jpg>
 [10

]
File: ../../utils/logo.jpg Graphic file (type bmp)
<../../utils/logo.jpg>
 [11

]
\openout4 = `slides.vrb'.

 (./slides.vrb
Overfull \hbox (130.74406pt too wide) in paragraph at lines 11--11
[]\T1/pcr/m/n/10.95 # Once upon a time there were three little sisters; and the
ir names were[] 
 []

)
Overfull \vbox (3.912pt too high) detected at line 289
 []

File: ../../utils/logo.jpg Graphic file (type bmp)
<../../utils/logo.jpg>
[12

]
File: ../../utils/logo.jpg Graphic file (type bmp)
<../../utils/logo.jpg>
 [13

] (./slides.toc)
File: ../../utils/logo.jpg Graphic file (type bmp)
<../../utils/logo.jpg>
 [14

]
File: ../../utils/logo.jpg Graphic file (type bmp)
<../../utils/logo.jpg>
 [15

]
\openout4 = `slides.vrb'.

 (./slides.vrb)
File: ../../utils/logo.jpg Graphic file (type bmp)
<../../utils/logo.jpg>
 [16

]
File: ../../utils/logo.jpg Graphic file (type bmp)
<../../utils/logo.jpg>
 [17

]
\openout4 = `slides.vrb'.

 (./slides.vrb)
File: ../../utils/logo.jpg Graphic file (type bmp)
<../../utils/logo.jpg>

[18

]
File: ../../utils/logo.jpg Graphic file (type bmp)
<../../utils/logo.jpg>
 [19

] (./slides.toc)
File: ../../utils/logo.jpg Graphic file (type bmp)
<../../utils/logo.jpg>
 [20

]
File: ../../utils/logo.jpg Graphic file (type bmp)
<../../utils/logo.jpg>
 [21

]
File: ../../utils/logo.jpg Graphic file (type bmp)
<../../utils/logo.jpg>
 [22

]
\openout4 = `slides.vrb'.

 (./slides.vrb
Overfull \hbox (58.47415pt too wide) in paragraph at lines 6--6
[]\T1/pcr/m/n/10.95 soup = BeautifulSoup('<b class="boldest">Extremely bold</b>
')[] 
 []

)
File: ../../utils/logo.jpg Graphic file (type bmp)
<../../utils/logo.jpg>
 [23

]
File: ../../utils/logo.jpg Graphic file (type bmp)
<../../utils/logo.jpg>
 [24

]
File: ../../utils/logo.jpg Graphic file (type bmp)
<../../utils/logo.jpg>
 [25

]
\openout4 = `slides.vrb'.

 (./slides.vrb)
File: ../../utils/logo.jpg Graphic file (type bmp)
<../../utils/logo.jpg>
 [26

]
File: ../../utils/logo.jpg Graphic file (type bmp)
<../../utils/logo.jpg>
 [27

]
\openout4 = `slides.vrb'.

 (./slides.vrb
Overfull \hbox (32.19418pt too wide) in paragraph at lines 8--8
[]\T1/pcr/m/n/10.95 # <blockquote class="boldest">Extremely bold</blockquote>[]
 
 []

)
File: ../../utils/logo.jpg Graphic file (type bmp)
<../../utils/logo.jpg>
 [28

]
File: ../../utils/logo.jpg Graphic file (type bmp)
<../../utils/logo.jpg>
 [29

]
\openout4 = `slides.vrb'.

 (./slides.vrb)
File: ../../utils/logo.jpg Graphic file (type bmp)
<../../utils/logo.jpg>
 [30

]
File: ../../utils/logo.jpg Graphic file (type bmp)
<../../utils/logo.jpg>
 [31

]
\openout4 = `slides.vrb'.

 (./slides.vrb)
File: ../../utils/logo.jpg Graphic file (type bmp)
<../../utils/logo.jpg>
 [32

]
File: ../../utils/logo.jpg Graphic file (type bmp)
<../../utils/logo.jpg>
 [33

]
\openout4 = `slides.vrb'.

 (./slides.vrb
Overfull \hbox (84.75412pt too wide) in paragraph at lines 9--9
[]\T1/pcr/m/n/10.95 # <blockquote class="verybold" id="1">Extremely bold</block
quote>[] 
 []

)
Overfull \vbox (31.11201pt too high) detected at line 512
 []

File: ../../utils/logo.jpg Graphic file (type bmp)
<../../utils/logo.jpg>
[34

]
File: ../../utils/logo.jpg Graphic file (type bmp)
<../../utils/logo.jpg>
 [35

]
\openout4 = `slides.vrb'.

 (./slides.vrb
Overfull \hbox (38.76418pt too wide) in paragraph at lines 6--6
[]\T1/pcr/m/n/10.95 css_soup = BeautifulSoup('<p class="body strikeout"></p>')[
] 
 []

)
File: ../../utils/logo.jpg Graphic file (type bmp)
<../../utils/logo.jpg>
 [36

]
File: ../../utils/logo.jpg Graphic file (type bmp)
<../../utils/logo.jpg>
 [37

]
\openout4 = `slides.vrb'.

 (./slides.vrb)
File: ../../utils/logo.jpg Graphic file (type bmp)
<../../utils/logo.jpg>
 [38

]
File: ../../utils/logo.jpg Graphic file (type bmp)
<../../utils/logo.jpg>
 [39

]
\openout4 = `slides.vrb'.

 (./slides.vrb
Overfull \hbox (143.88405pt too wide) in paragraph at lines 6--6
[]\T1/pcr/m/n/10.95 rel_soup = BeautifulSoup('<p>Back to the <a rel="index">hom
epage</a></p>')[] 
 []


Overfull \hbox (32.19418pt too wide) in paragraph at lines 11--11
[]\T1/pcr/m/n/10.95 # <p>Back to the <a rel="index contents">homepage</a></p>[]
 
 []

)
File: ../../utils/logo.jpg Graphic file (type bmp)
<../../utils/logo.jpg>
 [40

]
File: ../../utils/logo.jpg Graphic file (type bmp)
<../../utils/logo.jpg>
 [41

]
\openout4 = `slides.vrb'.

 (./slides.vrb
Overfull \hbox (84.75412pt too wide) in paragraph at lines 6--6
[]\T1/pcr/m/n/10.95 xml_soup = BeautifulSoup('<p class="body strikeout"></p>', 
'xml')[] 
 []

)
File: ../../utils/logo.jpg Graphic file (type bmp)
<../../utils/logo.jpg>
 [42

]
File: ../../utils/logo.jpg Graphic file (type bmp)
<../../utils/logo.jpg>
 [43

]
\openout4 = `slides.vrb'.

 (./slides.vrb)
File: ../../utils/logo.jpg Graphic file (type bmp)
<../../utils/logo.jpg>
 [44

]
File: ../../utils/logo.jpg Graphic file (type bmp)
<../../utils/logo.jpg>
 [45

]
\openout4 = `slides.vrb'.

 (./slides.vrb)
File: ../../utils/logo.jpg Graphic file (type bmp)
<../../utils/logo.jpg>
 [46

]
File: ../../utils/logo.jpg Graphic file (type bmp)
<../../utils/logo.jpg>
 [47

]
\openout4 = `slides.vrb'.

 (./slides.vrb)
File: ../../utils/logo.jpg Graphic file (type bmp)
<../../utils/logo.jpg>

[48

]
File: ../../utils/logo.jpg Graphic file (type bmp)
<../../utils/logo.jpg>
 [49

]
File: ../../utils/logo.jpg Graphic file (type bmp)
<../../utils/logo.jpg>
 [50

]
File: ../../utils/logo.jpg Graphic file (type bmp)
<../../utils/logo.jpg>
 [51

]
File: ../../utils/logo.jpg Graphic file (type bmp)
<../../utils/logo.jpg>
 [52

]
\openout4 = `slides.vrb'.

 (./slides.vrb)
File: ../../utils/logo.jpg Graphic file (type bmp)
<../../utils/logo.jpg>
 [53

]
File: ../../utils/logo.jpg Graphic file (type bmp)
<../../utils/logo.jpg>
 [54

]
\openout4 = `slides.vrb'.

 (./slides.vrb
Overfull \hbox (71.61414pt too wide) in paragraph at lines 6--6
[]\T1/pcr/m/n/10.95 markup = "<b><!--Hey, buddy. Want to buy a used parser?--><
/b>"[] 
 []

)
File: ../../utils/logo.jpg Graphic file (type bmp)
<../../utils/logo.jpg>
 [55

]
File: ../../utils/logo.jpg Graphic file (type bmp)
<../../utils/logo.jpg>
 [56

]
\openout4 = `slides.vrb'.

 (./slides.vrb)
File: ../../utils/logo.jpg Graphic file (type bmp)
<../../utils/logo.jpg>
 [57

]
File: ../../utils/logo.jpg Graphic file (type bmp)
<../../utils/logo.jpg>
 [58

]
\openout4 = `slides.vrb'.

 (./slides.vrb)
File: ../../utils/logo.jpg Graphic file (type bmp)
<../../utils/logo.jpg>
 [59

]
File: ../../utils/logo.jpg Graphic file (type bmp)
<../../utils/logo.jpg>
 [60

]
\openout4 = `slides.vrb'.

 (./slides.vrb)
File: ../../utils/logo.jpg Graphic file (type bmp)
<../../utils/logo.jpg>

[61

] (./slides.toc)
File: ../../utils/logo.jpg Graphic file (type bmp)
<../../utils/logo.jpg>
 [62

]
File: ../../utils/logo.jpg Graphic file (type bmp)
<../../utils/logo.jpg>
 [63

]
\openout4 = `slides.vrb'.

 (./slides.vrb
Overfull \hbox (12.4842pt too wide) in paragraph at lines 7--7
[]\T1/pcr/m/n/10.95 <html><head><title>The Dormouse's story</title></head>[] 
 []


Overfull \hbox (229.29395pt too wide) in paragraph at lines 11--11
[]\T1/pcr/m/n/10.95 <p class="story">Once upon a time there were three little s
isters; and their names were[] 
 []


Overfull \hbox (124.17407pt too wide) in paragraph at lines 12--12
[]\T1/pcr/m/n/10.95 <a href="http://example.com/elsie" class="sister" id="link1
">Elsie</a>,[] 
 []


Overfull \hbox (143.88405pt too wide) in paragraph at lines 13--13
[]\T1/pcr/m/n/10.95 <a href="http://example.com/lacie" class="sister" id="link2
">Lacie</a> and[] 
 []


Overfull \hbox (137.31406pt too wide) in paragraph at lines 14--14
[]\T1/pcr/m/n/10.95 <a href="http://example.com/tillie" class="sister" id="link
3">Tillie</a>;[] 
 []

)
Overfull \vbox (58.31203pt too high) detected at line 862
 []

File: ../../utils/logo.jpg Graphic file (type bmp)
<../../utils/logo.jpg>
[64

]
File: ../../utils/logo.jpg Graphic file (type bmp)
<../../utils/logo.jpg>
 [65

]
File: ../../utils/logo.jpg Graphic file (type bmp)
<../../utils/logo.jpg>
 [66

]
File: ../../utils/logo.jpg Graphic file (type bmp)
<../../utils/logo.jpg>
 [67

]
File: ../../utils/logo.jpg Graphic file (type bmp)
<../../utils/logo.jpg>
 [68

]
\openout4 = `slides.vrb'.

 (./slides.vrb)
File: ../../utils/logo.jpg Graphic file (type bmp)
<../../utils/logo.jpg>
 [69

]
File: ../../utils/logo.jpg Graphic file (type bmp)
<../../utils/logo.jpg>
 [70

]
\openout4 = `slides.vrb'.

 (./slides.vrb)
File: ../../utils/logo.jpg Graphic file (type bmp)
<../../utils/logo.jpg>
 [71

]
File: ../../utils/logo.jpg Graphic file (type bmp)
<../../utils/logo.jpg>
 [72

]
\openout4 = `slides.vrb'.


(./slides.vrb
Overfull \hbox (130.74406pt too wide) in paragraph at lines 7--7
[]\T1/pcr/m/n/10.95 # <a class="sister" href="http://example.com/elsie" id="lin
k1">Elsie</a>[] 
 []

)
File: ../../utils/logo.jpg Graphic file (type bmp)
<../../utils/logo.jpg>
 [73

]
File: ../../utils/logo.jpg Graphic file (type bmp)
<../../utils/logo.jpg>
 [74

]
\openout4 = `slides.vrb'.

 (./slides.vrb
Overfull \hbox (143.88405pt too wide) in paragraph at lines 7--7
[]\T1/pcr/m/n/10.95 # [<a class="sister" href="http://example.com/elsie" id="li
nk1">Elsie</a>,[] 
 []


Overfull \hbox (143.88405pt too wide) in paragraph at lines 8--8
[]\T1/pcr/m/n/10.95 #  <a class="sister" href="http://example.com/lacie" id="li
nk2">Lacie</a>,[] 
 []


Overfull \hbox (157.02403pt too wide) in paragraph at lines 9--9
[]\T1/pcr/m/n/10.95 #  <a class="sister" href="http://example.com/tillie" id="l
ink3">Tillie</a>][] 
 []

)
File: ../../utils/logo.jpg Graphic file (type bmp)
<../../utils/logo.jpg>
 [75

]
File: ../../utils/logo.jpg Graphic file (type bmp)
<../../utils/logo.jpg>
 [76

]
\openout4 = `slides.vrb'.

 (./slides.vrb)
File: ../../utils/logo.jpg Graphic file (type bmp)
<../../utils/logo.jpg>
 [77

]
File: ../../utils/logo.jpg Graphic file (type bmp)
<../../utils/logo.jpg>
 [78

]
\openout4 = `slides.vrb'.

 (./slides.vrb)
File: ../../utils/logo.jpg Graphic file (type bmp)
<../../utils/logo.jpg>
 [79

]
File: ../../utils/logo.jpg Graphic file (type bmp)
<../../utils/logo.jpg>
 [80

]
\openout4 = `slides.vrb'.

 (./slides.vrb
Overfull \hbox (117.60408pt too wide) in paragraph at lines 8--8
[]\T1/pcr/m/n/10.95 # AttributeError: 'NavigableString' object has no attribute
 'contents'[] 
 []

)
File: ../../utils/logo.jpg Graphic file (type bmp)
<../../utils/logo.jpg>
 [81

]
File: ../../utils/logo.jpg Graphic file (type bmp)
<../../utils/logo.jpg>
 [82

]
\openout4 = `slides.vrb'.

 (./slides.vrb)
File: ../../utils/logo.jpg Graphic file (type bmp)
<../../utils/logo.jpg>
 [83

]
File: ../../utils/logo.jpg Graphic file (type bmp)
<../../utils/logo.jpg>
 [84

]
\openout4 = `slides.vrb'.

 (./slides.vrb)
File: ../../utils/logo.jpg Graphic file (type bmp)
<../../utils/logo.jpg>
 [85

]
File: ../../utils/logo.jpg Graphic file (type bmp)
<../../utils/logo.jpg>
 [86

]
\openout4 = `slides.vrb'.

 (./slides.vrb)
File: ../../utils/logo.jpg Graphic file (type bmp)
<../../utils/logo.jpg>

[87

]
File: ../../utils/logo.jpg Graphic file (type bmp)
<../../utils/logo.jpg>
 [88

]
\openout4 = `slides.vrb'.

 (./slides.vrb)
File: ../../utils/logo.jpg Graphic file (type bmp)
<../../utils/logo.jpg>
 [89

]
File: ../../utils/logo.jpg Graphic file (type bmp)
<../../utils/logo.jpg>
 [90

]
\openout4 = `slides.vrb'.

 (./slides.vrb)
File: ../../utils/logo.jpg Graphic file (type bmp)
<../../utils/logo.jpg>
 [91

]
File: ../../utils/logo.jpg Graphic file (type bmp)
<../../utils/logo.jpg>
 [92

]
\openout4 = `slides.vrb'.

 (./slides.vrb)
File: ../../utils/logo.jpg Graphic file (type bmp)
<../../utils/logo.jpg>

[93

]
File: ../../utils/logo.jpg Graphic file (type bmp)
<../../utils/logo.jpg>
 [94

]
\openout4 = `slides.vrb'.

 (./slides.vrb)
File: ../../utils/logo.jpg Graphic file (type bmp)
<../../utils/logo.jpg>
 [95

]
File: ../../utils/logo.jpg Graphic file (type bmp)
<../../utils/logo.jpg>
 [96

]
\openout4 = `slides.vrb'.

 (./slides.vrb
Overfull \hbox (189.874pt too wide) in paragraph at lines 12--12
[]    \T1/pcr/m/n/10.95 # u'Once upon a time there were three little sisters; a
nd their names were\n'[] 
 []

)
Overfull \vbox (58.31203pt too high) detected at line 1252
 []

File: ../../utils/logo.jpg Graphic file (type bmp)
<../../utils/logo.jpg>
[97

]
File: ../../utils/logo.jpg Graphic file (type bmp)
<../../utils/logo.jpg>
 [98

]
\openout4 = `slides.vrb'.

 (./slides.vrb
Overfull \hbox (176.73401pt too wide) in paragraph at lines 10--10
[]    \T1/pcr/m/n/10.95 # u'Once upon a time there were three little sisters; a
nd their names were'[] 
 []

)
Overfull \vbox (3.912pt too high) detected at line 1284
 []

File: ../../utils/logo.jpg Graphic file (type bmp)
<../../utils/logo.jpg>
[99

]
File: ../../utils/logo.jpg Graphic file (type bmp)
<../../utils/logo.jpg>
 [100

]
File: ../../utils/logo.jpg Graphic file (type bmp)
<../../utils/logo.jpg>
 [101

]
File: ../../utils/logo.jpg Graphic file (type bmp)
<../../utils/logo.jpg>
 [102

]
\openout4 = `slides.vrb'.

 (./slides.vrb)
File: ../../utils/logo.jpg Graphic file (type bmp)
<../../utils/logo.jpg>
 [103

]
File: ../../utils/logo.jpg Graphic file (type bmp)
<../../utils/logo.jpg>
 [104

]
\openout4 = `slides.vrb'.

 (./slides.vrb)
File: ../../utils/logo.jpg Graphic file (type bmp)
<../../utils/logo.jpg>
 [105

]
File: ../../utils/logo.jpg Graphic file (type bmp)
<../../utils/logo.jpg>
 [106

]
\openout4 = `slides.vrb'.


(./slides.vrb)
File: ../../utils/logo.jpg Graphic file (type bmp)
<../../utils/logo.jpg>
 [107

]
File: ../../utils/logo.jpg Graphic file (type bmp)
<../../utils/logo.jpg>
 [108

]
\openout4 = `slides.vrb'.

 (./slides.vrb)
File: ../../utils/logo.jpg Graphic file (type bmp)
<../../utils/logo.jpg>
 [109

]
File: ../../utils/logo.jpg Graphic file (type bmp)
<../../utils/logo.jpg>
 [110

]
\openout4 = `slides.vrb'.

 (./slides.vrb
Overfull \hbox (130.74406pt too wide) in paragraph at lines 8--8
[]\T1/pcr/m/n/10.95 # <a class="sister" href="http://example.com/elsie" id="lin
k1">Elsie</a>[] 
 []

)
Overfull \vbox (17.51201pt too high) detected at line 1423
 []

File: ../../utils/logo.jpg Graphic file (type bmp)
<../../utils/logo.jpg>
[111

]
File: ../../utils/logo.jpg Graphic file (type bmp)
<../../utils/logo.jpg>
 [112

]
\openout4 = `slides.vrb'.

 (./slides.vrb
Overfull \hbox (97.8941pt too wide) in paragraph at lines 6--6
[]\T1/pcr/m/n/10.95 sibling_soup = BeautifulSoup("<a><b>text1</b><c>text2</c></
b></a>")[] 
 []

)
Overfull \vbox (31.11201pt too high) detected at line 1457
 []

File: ../../utils/logo.jpg Graphic file (type bmp)
<../../utils/logo.jpg>
[113

]
File: ../../utils/logo.jpg Graphic file (type bmp)
<../../utils/logo.jpg>
 [114

]
File: ../../utils/logo.jpg Graphic file (type bmp)
<../../utils/logo.jpg>
 [115

]
\openout4 = `slides.vrb'.

 (./slides.vrb)
File: ../../utils/logo.jpg Graphic file (type bmp)
<../../utils/logo.jpg>
 [116

]
File: ../../utils/logo.jpg Graphic file (type bmp)
<../../utils/logo.jpg>
 [117

]
\openout4 = `slides.vrb'.

 (./slides.vrb)
File: ../../utils/logo.jpg Graphic file (type bmp)
<../../utils/logo.jpg>
 [118

]
File: ../../utils/logo.jpg Graphic file (type bmp)
<../../utils/logo.jpg>
 [119

]
\openout4 = `slides.vrb'.


(./slides.vrb)
File: ../../utils/logo.jpg Graphic file (type bmp)
<../../utils/logo.jpg>
 [120

]
File: ../../utils/logo.jpg Graphic file (type bmp)
<../../utils/logo.jpg>
 [121

]
\openout4 = `slides.vrb'.

 (./slides.vrb
Overfull \hbox (117.60408pt too wide) in paragraph at lines 6--6
[]\T1/pcr/m/n/10.95 <a href="http://example.com/elsie" class="sister" id="link1
">Elsie</a>[] 
 []


Overfull \hbox (117.60408pt too wide) in paragraph at lines 7--7
[]\T1/pcr/m/n/10.95 <a href="http://example.com/lacie" class="sister" id="link2
">Lacie</a>[] 
 []


Overfull \hbox (130.74406pt too wide) in paragraph at lines 8--8
[]\T1/pcr/m/n/10.95 <a href="http://example.com/tillie" class="sister" id="link
3">Tillie</a>[] 
 []

)
File: ../../utils/logo.jpg Graphic file (type bmp)
<../../utils/logo.jpg>
 [122

]
File: ../../utils/logo.jpg Graphic file (type bmp)
<../../utils/logo.jpg>
 [123

]
\openout4 = `slides.vrb'.

 (./slides.vrb
Overfull \hbox (130.74406pt too wide) in paragraph at lines 8--8
[]\T1/pcr/m/n/10.95 # <a class="sister" href="http://example.com/elsie" id="lin
k1">Elsie</a>[] 
 []

)
File: ../../utils/logo.jpg Graphic file (type bmp)
<../../utils/logo.jpg>
 [124

]
File: ../../utils/logo.jpg Graphic file (type bmp)
<../../utils/logo.jpg>
 [125

]
\openout4 = `slides.vrb'.

 (./slides.vrb
Overfull \hbox (130.74406pt too wide) in paragraph at lines 7--7
[]\T1/pcr/m/n/10.95 # <a class="sister" href="http://example.com/lacie" id="lin
k2">Lacie</a>[] 
 []

)
File: ../../utils/logo.jpg Graphic file (type bmp)
<../../utils/logo.jpg>
 [126

]
File: ../../utils/logo.jpg Graphic file (type bmp)
<../../utils/logo.jpg>
 [127

]
\openout4 = `slides.vrb'.

 (./slides.vrb
Overfull \hbox (157.02403pt too wide) in paragraph at lines 9--9
[]    \T1/pcr/m/n/10.95 # <a class="sister" href="http://example.com/lacie" id=
"link2">Lacie</a>[] 
 []


Overfull \hbox (170.16402pt too wide) in paragraph at lines 11--11
[]    \T1/pcr/m/n/10.95 # <a class="sister" href="http://example.com/tillie" id
="link3">Tillie</a>[] 
 []


Overfull \hbox (19.0542pt too wide) in paragraph at lines 15--15
[]\T1/pcr/m/n/10.95 for sibling in soup.find(id="link3").previous_siblings:[] 
 []


Overfull \hbox (157.02403pt too wide) in paragraph at lines 18--18
[]    \T1/pcr/m/n/10.95 # <a class="sister" href="http://example.com/lacie" id=
"link2">Lacie</a>[] 
 []


Overfull \hbox (157.02403pt too wide) in paragraph at lines 20--20
[]    \T1/pcr/m/n/10.95 # <a class="sister" href="http://example.com/elsie" id=
"link1">Elsie</a>[] 
 []


Overfull \hbox (189.874pt too wide) in paragraph at lines 21--21
[]    \T1/pcr/m/n/10.95 # u'Once upon a time there were three little sisters; a
nd their names were\n'[] 
 []

)
Overfull \vbox (71.91203pt too high) detected at line 1645
 []

File: ../../utils/logo.jpg Graphic file (type bmp)
<../../utils/logo.jpg>
[128

]
File: ../../utils/logo.jpg Graphic file (type bmp)
<../../utils/logo.jpg>
 [129

]
\openout4 = `slides.vrb'.

 (./slides.vrb
Overfull \hbox (12.4842pt too wide) in paragraph at lines 6--6
[]\T1/pcr/m/n/10.95 <html><head><title>The Dormouse's story</title></head>[] 
 []

)
File: ../../utils/logo.jpg Graphic file (type bmp)
<../../utils/logo.jpg>
 [130

]
File: ../../utils/logo.jpg Graphic file (type bmp)
<../../utils/logo.jpg>
 [131

]
File: ../../utils/logo.jpg Graphic file (type bmp)
<../../utils/logo.jpg>
 [132

]
File: ../../utils/logo.jpg Graphic file (type bmp)
<../../utils/logo.jpg>
 [133

]
\openout4 = `slides.vrb'.

 (./slides.vrb
Overfull \hbox (143.88405pt too wide) in paragraph at lines 8--8
[]\T1/pcr/m/n/10.95 # <a class="sister" href="http://example.com/tillie" id="li
nk3">Tillie</a>[] 
 []

)
File: ../../utils/logo.jpg Graphic file (type bmp)
<../../utils/logo.jpg>
 [134

]
File: ../../utils/logo.jpg Graphic file (type bmp)
<../../utils/logo.jpg>
 [135

]
\openout4 = `slides.vrb'.

 (./slides.vrb)
File: ../../utils/logo.jpg Graphic file (type bmp)
<../../utils/logo.jpg>
 [136

]
File: ../../utils/logo.jpg Graphic file (type bmp)
<../../utils/logo.jpg>
 [137

]
File: ../../utils/logo.jpg Graphic file (type bmp)
<../../utils/logo.jpg>
 [138

]
\openout4 = `slides.vrb'.

 (./slides.vrb
Overfull \hbox (143.88405pt too wide) in paragraph at lines 9--9
[]\T1/pcr/m/n/10.95 # <a class="sister" href="http://example.com/tillie" id="li
nk3">Tillie</a>[] 
 []

)
File: ../../utils/logo.jpg Graphic file (type bmp)
<../../utils/logo.jpg>
 [139

]
File: ../../utils/logo.jpg Graphic file (type bmp)
<../../utils/logo.jpg>
 [140

]
\openout4 = `slides.vrb'.

 (./slides.vrb)
File: ../../utils/logo.jpg Graphic file (type bmp)
<../../utils/logo.jpg>
 [141

] (./slides.toc)
File: ../../utils/logo.jpg Graphic file (type bmp)
<../../utils/logo.jpg>
 [142

]
File: ../../utils/logo.jpg Graphic file (type bmp)
<../../utils/logo.jpg>
 [143

]
File: ../../utils/logo.jpg Graphic file (type bmp)
<../../utils/logo.jpg>
 [144

]
\openout4 = `slides.vrb'.


(./slides.vrb
Overfull \hbox (12.4842pt too wide) in paragraph at lines 7--7
[]\T1/pcr/m/n/10.95 <html><head><title>The Dormouse's story</title></head>[] 
 []


Overfull \hbox (229.29395pt too wide) in paragraph at lines 11--11
[]\T1/pcr/m/n/10.95 <p class="story">Once upon a time there were three little s
isters; and their names were[] 
 []


Overfull \hbox (124.17407pt too wide) in paragraph at lines 12--12
[]\T1/pcr/m/n/10.95 <a href="http://example.com/elsie" class="sister" id="link1
">Elsie</a>,[] 
 []


Overfull \hbox (143.88405pt too wide) in paragraph at lines 13--13
[]\T1/pcr/m/n/10.95 <a href="http://example.com/lacie" class="sister" id="link2
">Lacie</a> and[] 
 []


Overfull \hbox (137.31406pt too wide) in paragraph at lines 14--14
[]\T1/pcr/m/n/10.95 <a href="http://example.com/tillie" class="sister" id="link
3">Tillie</a>;[] 
 []

)
Overfull \vbox (58.31203pt too high) detected at line 1832
 []

File: ../../utils/logo.jpg Graphic file (type bmp)
<../../utils/logo.jpg>
[145

]
File: ../../utils/logo.jpg Graphic file (type bmp)
<../../utils/logo.jpg>
 [146

]
File: ../../utils/logo.jpg Graphic file (type bmp)
<../../utils/logo.jpg>
 [147

]
File: ../../utils/logo.jpg Graphic file (type bmp)
<../../utils/logo.jpg>
 [148

]
\openout4 = `slides.vrb'.

 (./slides.vrb)
File: ../../utils/logo.jpg Graphic file (type bmp)
<../../utils/logo.jpg>
 [149

]
File: ../../utils/logo.jpg Graphic file (type bmp)
<../../utils/logo.jpg>
 [150

]
File: ../../utils/logo.jpg Graphic file (type bmp)
<../../utils/logo.jpg>
 [151

]
\openout4 = `slides.vrb'.

 (./slides.vrb)
File: ../../utils/logo.jpg Graphic file (type bmp)
<../../utils/logo.jpg>

[152

]
File: ../../utils/logo.jpg Graphic file (type bmp)
<../../utils/logo.jpg>
 [153

]
\openout4 = `slides.vrb'.

 (./slides.vrb)
File: ../../utils/logo.jpg Graphic file (type bmp)
<../../utils/logo.jpg>
 [154

]
File: ../../utils/logo.jpg Graphic file (type bmp)
<../../utils/logo.jpg>
 [155

]
\openout4 = `slides.vrb'.

 (./slides.vrb
Overfull \hbox (143.88405pt too wide) in paragraph at lines 8--8
[]\T1/pcr/m/n/10.95 #  <a class="sister" href="http://example.com/elsie" id="li
nk1">Elsie</a>,[] 
 []


Overfull \hbox (143.88405pt too wide) in paragraph at lines 9--9
[]\T1/pcr/m/n/10.95 #  <a class="sister" href="http://example.com/lacie" id="li
nk2">Lacie</a>,[] 
 []


Overfull \hbox (157.02403pt too wide) in paragraph at lines 10--10
[]\T1/pcr/m/n/10.95 #  <a class="sister" href="http://example.com/tillie" id="l
ink3">Tillie</a>][] 
 []

)
File: ../../utils/logo.jpg Graphic file (type bmp)
<../../utils/logo.jpg>
 [156

]
File: ../../utils/logo.jpg Graphic file (type bmp)
<../../utils/logo.jpg>
 [157

]
\openout4 = `slides.vrb'.

 (./slides.vrb)
Overfull \vbox (17.51201pt too high) detected at line 1982
 []

File: ../../utils/logo.jpg Graphic file (type bmp)
<../../utils/logo.jpg>
[158

]
File: ../../utils/logo.jpg Graphic file (type bmp)
<../../utils/logo.jpg>
 [159

]
File: ../../utils/logo.jpg Graphic file (type bmp)
<../../utils/logo.jpg>
 [160

]
\openout4 = `slides.vrb'.

 (./slides.vrb
Overfull \hbox (45.33417pt too wide) in paragraph at lines 7--7
[]    \T1/pcr/m/n/10.95 return tag.has_attr('class') and not tag.has_attr('id')
[] 
 []

)
File: ../../utils/logo.jpg Graphic file (type bmp)
<../../utils/logo.jpg>
 [161

]
File: ../../utils/logo.jpg Graphic file (type bmp)
<../../utils/logo.jpg>
 [162

]
\openout4 = `slides.vrb'.

 (./slides.vrb
Overfull \hbox (19.0542pt too wide) in paragraph at lines 8--8
[]\T1/pcr/m/n/10.95 #  <p class="story">Once upon a time there were...</p>,[] 
 []

)
File: ../../utils/logo.jpg Graphic file (type bmp)
<../../utils/logo.jpg>
 [163

]
File: ../../utils/logo.jpg Graphic file (type bmp)
<../../utils/logo.jpg>
 [164

]
File: ../../utils/logo.jpg Graphic file (type bmp)
<../../utils/logo.jpg>
 [165

]
\openout4 = `slides.vrb'.

 (./slides.vrb
Overfull \hbox (32.19418pt too wide) in paragraph at lines 8--8
[]    \T1/pcr/m/n/10.95 return (isinstance(tag.next_element, NavigableString)[]
 
 []


Overfull \hbox (91.32411pt too wide) in paragraph at lines 9--9
[]            \T1/pcr/m/n/10.95 and isinstance(tag.previous_element, NavigableS
tring))[] 
 []

)
Overfull \vbox (3.912pt too high) detected at line 2074
 []

File: ../../utils/logo.jpg Graphic file (type bmp)
<../../utils/logo.jpg>
[166

]
File: ../../utils/logo.jpg Graphic file (type bmp)
<../../utils/logo.jpg>
 [167

]
File: ../../utils/logo.jpg Graphic file (type bmp)
<../../utils/logo.jpg>
 [168

]
File: ../../utils/logo.jpg Graphic file (type bmp)
<../../utils/logo.jpg>
 [169

]
\openout4 = `slides.vrb'.

 (./slides.vrb
Overfull \hbox (143.88405pt too wide) in paragraph at lines 13--13
[]\T1/pcr/m/n/10.95 # [<a class="sister" href="http://example.com/elsie" id="li
nk1">Elsie</a>,[] 
 []


Overfull \hbox (143.88405pt too wide) in paragraph at lines 14--14
[]\T1/pcr/m/n/10.95 #  <a class="sister" href="http://example.com/lacie" id="li
nk2">Lacie</a>,[] 
 []


Overfull \hbox (157.02403pt too wide) in paragraph at lines 15--15
[]\T1/pcr/m/n/10.95 #  <a class="sister" href="http://example.com/tillie" id="l
ink3">Tillie</a>][] 
 []


Overfull \hbox (143.88405pt too wide) in paragraph at lines 18--18
[]\T1/pcr/m/n/10.95 # [<a class="sister" href="http://example.com/lacie" id="li
nk2">Lacie</a>][] 
 []


Overfull \hbox (163.59402pt too wide) in paragraph at lines 22--22
[]\T1/pcr/m/n/10.95 # u'Once upon a time there were three little sisters; and t
heir names were\n'[] 
 []

)
Overfull \vbox (71.91203pt too high) detected at line 2125
 []

File: ../../utils/logo.jpg Graphic file (type bmp)
<../../utils/logo.jpg>
[170

]
File: ../../utils/logo.jpg Graphic file (type bmp)
<../../utils/logo.jpg>
 [171

]
File: ../../utils/logo.jpg Graphic file (type bmp)
<../../utils/logo.jpg>
 [172

]
File: ../../utils/logo.jpg Graphic file (type bmp)
<../../utils/logo.jpg>
 [173

]
\openout4 = `slides.vrb'.

 (./slides.vrb)
File: ../../utils/logo.jpg Graphic file (type bmp)
<../../utils/logo.jpg>
 [174

]
File: ../../utils/logo.jpg Graphic file (type bmp)
<../../utils/logo.jpg>
 [175

]
File: ../../utils/logo.jpg Graphic file (type bmp)
<../../utils/logo.jpg>
 [176

]
\openout4 = `slides.vrb'.

 (./slides.vrb
Overfull \hbox (143.88405pt too wide) in paragraph at lines 7--7
[]\T1/pcr/m/n/10.95 # [<a class="sister" href="http://example.com/lacie" id="li
nk2">Lacie</a>][] 
 []

)
File: ../../utils/logo.jpg Graphic file (type bmp)
<../../utils/logo.jpg>
 [177

]
File: ../../utils/logo.jpg Graphic file (type bmp)
<../../utils/logo.jpg>
 [178

]
\openout4 = `slides.vrb'.

 (./slides.vrb
Overfull \hbox (143.88405pt too wide) in paragraph at lines 7--7
[]\T1/pcr/m/n/10.95 # [<a class="sister" href="http://example.com/elsie" id="li
nk1">Elsie</a>][] 
 []

)
File: ../../utils/logo.jpg Graphic file (type bmp)
<../../utils/logo.jpg>
 [179

]
File: ../../utils/logo.jpg Graphic file (type bmp)
<../../utils/logo.jpg>
 [180

]
File: ../../utils/logo.jpg Graphic file (type bmp)
<../../utils/logo.jpg>
 [181

]
\openout4 = `slides.vrb'.

 (./slides.vrb
Overfull \hbox (143.88405pt too wide) in paragraph at lines 7--7
[]\T1/pcr/m/n/10.95 # [<a class="sister" href="http://example.com/elsie" id="li
nk1">Elsie</a>,[] 
 []


Overfull \hbox (143.88405pt too wide) in paragraph at lines 8--8
[]\T1/pcr/m/n/10.95 #  <a class="sister" href="http://example.com/lacie" id="li
nk2">Lacie</a>,[] 
 []


Overfull \hbox (157.02403pt too wide) in paragraph at lines 9--9
[]\T1/pcr/m/n/10.95 #  <a class="sister" href="http://example.com/tillie" id="l
ink3">Tillie</a>][] 
 []

)
File: ../../utils/logo.jpg Graphic file (type bmp)
<../../utils/logo.jpg>
 [182

]
File: ../../utils/logo.jpg Graphic file (type bmp)
<../../utils/logo.jpg>
 [183

]
\openout4 = `slides.vrb'.

 (./slides.vrb
Overfull \hbox (143.88405pt too wide) in paragraph at lines 7--7
[]\T1/pcr/m/n/10.95 # [<a class="sister" href="http://example.com/elsie" id="li
nk1">three</a>][] 
 []

)
File: ../../utils/logo.jpg Graphic file (type bmp)
<../../utils/logo.jpg>
 [184

]
File: ../../utils/logo.jpg Graphic file (type bmp)
<../../utils/logo.jpg>
 [185

]
\openout4 = `slides.vrb'.

 (./slides.vrb
Overfull \hbox (58.47415pt too wide) in paragraph at lines 6--6
[]\T1/pcr/m/n/10.95 data_soup = BeautifulSoup('<div data-foo="value">foo!</div>
')[] 
 []

)
File: ../../utils/logo.jpg Graphic file (type bmp)
<../../utils/logo.jpg>
 [186

]
File: ../../utils/logo.jpg Graphic file (type bmp)
<../../utils/logo.jpg>
 [187

]
\openout4 = `slides.vrb'.

 (./slides.vrb)
File: ../../utils/logo.jpg Graphic file (type bmp)
<../../utils/logo.jpg>
 [188

]
File: ../../utils/logo.jpg Graphic file (type bmp)
<../../utils/logo.jpg>
 [189

]
\openout4 = `slides.vrb'.

 (./slides.vrb
Overfull \hbox (143.88405pt too wide) in paragraph at lines 7--7
[]\T1/pcr/m/n/10.95 # [<a class="sister" href="http://example.com/elsie" id="li
nk1">Elsie</a>,[] 
 []


Overfull \hbox (143.88405pt too wide) in paragraph at lines 8--8
[]\T1/pcr/m/n/10.95 #  <a class="sister" href="http://example.com/lacie" id="li
nk2">Lacie</a>,[] 
 []


Overfull \hbox (157.02403pt too wide) in paragraph at lines 9--9
[]\T1/pcr/m/n/10.95 #  <a class="sister" href="http://example.com/tillie" id="l
ink3">Tillie</a>][] 
 []

)
File: ../../utils/logo.jpg Graphic file (type bmp)
<../../utils/logo.jpg>
 [190

]
File: ../../utils/logo.jpg Graphic file (type bmp)
<../../utils/logo.jpg>
 [191

]
\openout4 = `slides.vrb'.

 (./slides.vrb
Overfull \hbox (25.62419pt too wide) in paragraph at lines 10--10
[]    \T1/pcr/m/n/10.95 return css_class is not None and len(css_class) == 6[] 

 []


Overfull \hbox (143.88405pt too wide) in paragraph at lines 13--13
[]\T1/pcr/m/n/10.95 # [<a class="sister" href="http://example.com/elsie" id="li
nk1">Elsie</a>,[] 
 []


Overfull \hbox (143.88405pt too wide) in paragraph at lines 14--14
[]\T1/pcr/m/n/10.95 #  <a class="sister" href="http://example.com/lacie" id="li
nk2">Lacie</a>,[] 
 []


Overfull \hbox (157.02403pt too wide) in paragraph at lines 15--15
[]\T1/pcr/m/n/10.95 #  <a class="sister" href="http://example.com/tillie" id="l
ink3">Tillie</a>][] 
 []

)
File: ../../utils/logo.jpg Graphic file (type bmp)
<../../utils/logo.jpg>
 [192

]
File: ../../utils/logo.jpg Graphic file (type bmp)
<../../utils/logo.jpg>
 [193

]
\openout4 = `slides.vrb'.

 (./slides.vrb
Overfull \hbox (38.76418pt too wide) in paragraph at lines 6--6
[]\T1/pcr/m/n/10.95 css_soup = BeautifulSoup('<p class="body strikeout"></p>')[
] 
 []

)
File: ../../utils/logo.jpg Graphic file (type bmp)
<../../utils/logo.jpg>
 [194

]
File: ../../utils/logo.jpg Graphic file (type bmp)
<../../utils/logo.jpg>
 [195

]
\openout4 = `slides.vrb'.

 (./slides.vrb)
File: ../../utils/logo.jpg Graphic file (type bmp)
<../../utils/logo.jpg>
 [196

]
File: ../../utils/logo.jpg Graphic file (type bmp)
<../../utils/logo.jpg>
 [197

]
\openout4 = `slides.vrb'.

 (./slides.vrb
Overfull \hbox (143.88405pt too wide) in paragraph at lines 7--7
[]\T1/pcr/m/n/10.95 # [<a class="sister" href="http://example.com/elsie" id="li
nk1">Elsie</a>,[] 
 []


Overfull \hbox (143.88405pt too wide) in paragraph at lines 8--8
[]\T1/pcr/m/n/10.95 #  <a class="sister" href="http://example.com/lacie" id="li
nk2">Lacie</a>,[] 
 []


Overfull \hbox (157.02403pt too wide) in paragraph at lines 9--9
[]\T1/pcr/m/n/10.95 #  <a class="sister" href="http://example.com/tillie" id="l
ink3">Tillie</a>][] 
 []

)
File: ../../utils/logo.jpg Graphic file (type bmp)
<../../utils/logo.jpg>
 [198

]
File: ../../utils/logo.jpg Graphic file (type bmp)
<../../utils/logo.jpg>
 [199

]
\openout4 = `slides.vrb'.

 (./slides.vrb
Overfull \hbox (124.17407pt too wide) in paragraph at lines 16--16
[]    \T1/pcr/m/n/10.95 ""Return True if this string is the only child of its p
arent tag.""[] 
 []


Overfull \hbox (255.57391pt too wide) in paragraph at lines 20--20
[]\T1/pcr/m/n/10.95 # [u"The Dormouse's story", u"The Dormouse's story", u'Elsi
e', u'Lacie', u'Tillie', u'...'][] 
 []

)
Overfull \vbox (31.11201pt too high) detected at line 2470
 []

File: ../../utils/logo.jpg Graphic file (type bmp)
<../../utils/logo.jpg>
[200

]
File: ../../utils/logo.jpg Graphic file (type bmp)
<../../utils/logo.jpg>
 [201

]
\openout4 = `slides.vrb'.

 (./slides.vrb
Overfull \hbox (143.88405pt too wide) in paragraph at lines 7--7
[]\T1/pcr/m/n/10.95 # [<a href="http://example.com/elsie" class="sister" id="li
nk1">Elsie</a>][] 
 []

)
File: ../../utils/logo.jpg Graphic file (type bmp)
<../../utils/logo.jpg>
 [202

]
File: ../../utils/logo.jpg Graphic file (type bmp)
<../../utils/logo.jpg>
 [203

]
File: ../../utils/logo.jpg Graphic file (type bmp)
<../../utils/logo.jpg>
 [204

]
\openout4 = `slides.vrb'.

 (./slides.vrb
Overfull \hbox (143.88405pt too wide) in paragraph at lines 7--7
[]\T1/pcr/m/n/10.95 # [<a class="sister" href="http://example.com/elsie" id="li
nk1">Elsie</a>,[] 
 []


Overfull \hbox (143.88405pt too wide) in paragraph at lines 8--8
[]\T1/pcr/m/n/10.95 #  <a class="sister" href="http://example.com/lacie" id="li
nk2">Lacie</a>][] 
 []

)
File: ../../utils/logo.jpg Graphic file (type bmp)
<../../utils/logo.jpg>
 [205

]
File: ../../utils/logo.jpg Graphic file (type bmp)
<../../utils/logo.jpg>
 [206

]
File: ../../utils/logo.jpg Graphic file (type bmp)
<../../utils/logo.jpg>
 [207

]
\openout4 = `slides.vrb'.

 (./slides.vrb)
File: ../../utils/logo.jpg Graphic file (type bmp)
<../../utils/logo.jpg>
 [208

]
File: ../../utils/logo.jpg Graphic file (type bmp)
<../../utils/logo.jpg>
 [209

]
\openout4 = `slides.vrb'.

 (./slides.vrb)
File: ../../utils/logo.jpg Graphic file (type bmp)
<../../utils/logo.jpg>
 [210

]
File: ../../utils/logo.jpg Graphic file (type bmp)
<../../utils/logo.jpg>
 [211

]
\openout4 = `slides.vrb'.


(./slides.vrb)
File: ../../utils/logo.jpg Graphic file (type bmp)
<../../utils/logo.jpg>
 [212

]
File: ../../utils/logo.jpg Graphic file (type bmp)
<../../utils/logo.jpg>
 [213

]
\openout4 = `slides.vrb'.

 (./slides.vrb)
File: ../../utils/logo.jpg Graphic file (type bmp)
<../../utils/logo.jpg>
 [214

]
File: ../../utils/logo.jpg Graphic file (type bmp)
<../../utils/logo.jpg>
 [215

]
File: ../../utils/logo.jpg Graphic file (type bmp)
<../../utils/logo.jpg>
 [216

]
\openout4 = `slides.vrb'.

 (./slides.vrb)
File: ../../utils/logo.jpg Graphic file (type bmp)
<../../utils/logo.jpg>

[217

]
File: ../../utils/logo.jpg Graphic file (type bmp)
<../../utils/logo.jpg>
 [218

]
File: ../../utils/logo.jpg Graphic file (type bmp)
<../../utils/logo.jpg>
 [219

]
\openout4 = `slides.vrb'.

 (./slides.vrb)
File: ../../utils/logo.jpg Graphic file (type bmp)
<../../utils/logo.jpg>
 [220

]
File: ../../utils/logo.jpg Graphic file (type bmp)
<../../utils/logo.jpg>
 [221

]
\openout4 = `slides.vrb'.

 (./slides.vrb)
File: ../../utils/logo.jpg Graphic file (type bmp)
<../../utils/logo.jpg>
 [222

]
File: ../../utils/logo.jpg Graphic file (type bmp)
<../../utils/logo.jpg>
 [223

]
File: ../../utils/logo.jpg Graphic file (type bmp)
<../../utils/logo.jpg>

[224

]
File: ../../utils/logo.jpg Graphic file (type bmp)
<../../utils/logo.jpg>
 [225

]
File: ../../utils/logo.jpg Graphic file (type bmp)
<../../utils/logo.jpg>
 [226

]
\openout4 = `slides.vrb'.

 (./slides.vrb
Overfull \hbox (143.88405pt too wide) in paragraph at lines 11--11
[]\T1/pcr/m/n/10.95 # [<a class="sister" href="http://example.com/lacie" id="li
nk2">Lacie</a>][] 
 []


Overfull \hbox (242.43393pt too wide) in paragraph at lines 14--14
[]\T1/pcr/m/n/10.95 # <p class="story">Once upon a time there were three little
 sisters; and their names were[] 
 []


Overfull \hbox (143.88405pt too wide) in paragraph at lines 15--15
[]\T1/pcr/m/n/10.95 #  <a class="sister" href="http://example.com/elsie" id="li
nk1">Elsie</a>,[] 
 []


Overfull \hbox (163.59402pt too wide) in paragraph at lines 16--16
[]\T1/pcr/m/n/10.95 #  <a class="sister" href="http://example.com/lacie" id="li
nk2">Lacie</a> and[] 
 []


Overfull \hbox (157.02403pt too wide) in paragraph at lines 17--17
[]\T1/pcr/m/n/10.95 #  <a class="sister" href="http://example.com/tillie" id="l
ink3">Tillie</a>;[] 
 []

)
Overfull \vbox (44.71202pt too high) detected at line 2766
 []

File: ../../utils/logo.jpg Graphic file (type bmp)
<../../utils/logo.jpg>
[227

]
File: ../../utils/logo.jpg Graphic file (type bmp)
<../../utils/logo.jpg>
 [228

]
File: ../../utils/logo.jpg Graphic file (type bmp)
<../../utils/logo.jpg>
 [229

]
File: ../../utils/logo.jpg Graphic file (type bmp)
<../../utils/logo.jpg>
 [230

]
File: ../../utils/logo.jpg Graphic file (type bmp)
<../../utils/logo.jpg>
 [231

]
File: ../../utils/logo.jpg Graphic file (type bmp)
<../../utils/logo.jpg>
 [232

]
\openout4 = `slides.vrb'.

 (./slides.vrb
Overfull \hbox (130.74406pt too wide) in paragraph at lines 8--8
[]\T1/pcr/m/n/10.95 # <a class="sister" href="http://example.com/elsie" id="lin
k1">Elsie</a>[] 
 []


Overfull \hbox (143.88405pt too wide) in paragraph at lines 11--11
[]\T1/pcr/m/n/10.95 # [<a class="sister" href="http://example.com/lacie" id="li
nk2">Lacie</a>,[] 
 []


Overfull \hbox (157.02403pt too wide) in paragraph at lines 12--12
[]\T1/pcr/m/n/10.95 #  <a class="sister" href="http://example.com/tillie" id="l
ink3">Tillie</a>][] 
 []

)
File: ../../utils/logo.jpg Graphic file (type bmp)
<../../utils/logo.jpg>
 [233

]
File: ../../utils/logo.jpg Graphic file (type bmp)
<../../utils/logo.jpg>
 [234

]
File: ../../utils/logo.jpg Graphic file (type bmp)
<../../utils/logo.jpg>
 [235

]
File: ../../utils/logo.jpg Graphic file (type bmp)
<../../utils/logo.jpg>
 [236

]
\openout4 = `slides.vrb'.

 (./slides.vrb
Overfull \hbox (143.88405pt too wide) in paragraph at lines 8--8
[]\T1/pcr/m/n/10.95 # <a class="sister" href="http://example.com/tillie" id="li
nk3">Tillie</a>[] 
 []


Overfull \hbox (143.88405pt too wide) in paragraph at lines 11--11
[]\T1/pcr/m/n/10.95 # [<a class="sister" href="http://example.com/lacie" id="li
nk2">Lacie</a>,[] 
 []


Overfull \hbox (143.88405pt too wide) in paragraph at lines 12--12
[]\T1/pcr/m/n/10.95 #  <a class="sister" href="http://example.com/elsie" id="li
nk1">Elsie</a>][] 
 []

)
File: ../../utils/logo.jpg Graphic file (type bmp)
<../../utils/logo.jpg>
 [237

]
File: ../../utils/logo.jpg Graphic file (type bmp)
<../../utils/logo.jpg>
 [238

]
File: ../../utils/logo.jpg Graphic file (type bmp)
<../../utils/logo.jpg>
 [239

]
File: ../../utils/logo.jpg Graphic file (type bmp)
<../../utils/logo.jpg>
 [240

]
\openout4 = `slides.vrb'.

 (./slides.vrb
Overfull \hbox (130.74406pt too wide) in paragraph at lines 8--8
[]\T1/pcr/m/n/10.95 # <a class="sister" href="http://example.com/elsie" id="lin
k1">Elsie</a>[] 
 []


Overfull \hbox (137.31406pt too wide) in paragraph at lines 12--12
[]\T1/pcr/m/n/10.95 #  u';\nand they lived at the bottom of a well.', u'\n\n', 
u'...', u'\n'][] 
 []

)
File: ../../utils/logo.jpg Graphic file (type bmp)
<../../utils/logo.jpg>
 [241

]
File: ../../utils/logo.jpg Graphic file (type bmp)
<../../utils/logo.jpg>
 [242

]
File: ../../utils/logo.jpg Graphic file (type bmp)
<../../utils/logo.jpg>
 [243

]
File: ../../utils/logo.jpg Graphic file (type bmp)
<../../utils/logo.jpg>
 [244

]
File: ../../utils/logo.jpg Graphic file (type bmp)
<../../utils/logo.jpg>
 [245

]
\openout4 = `slides.vrb'.

 (./slides.vrb
Overfull \hbox (130.74406pt too wide) in paragraph at lines 8--8
[]\T1/pcr/m/n/10.95 # <a class="sister" href="http://example.com/elsie" id="lin
k1">Elsie</a>[] 
 []


Overfull \hbox (170.16402pt too wide) in paragraph at lines 11--11
[]\T1/pcr/m/n/10.95 # [<p class="story">Once upon a time there were three littl
e sisters; ...</p>,[] 
 []

)
File: ../../utils/logo.jpg Graphic file (type bmp)
<../../utils/logo.jpg>
 [246

]
File: ../../utils/logo.jpg Graphic file (type bmp)
<../../utils/logo.jpg>
 [247

]
File: ../../utils/logo.jpg Graphic file (type bmp)
<../../utils/logo.jpg>
 [248

]
\openout4 = `slides.vrb'.

 (./slides.vrb)
File: ../../utils/logo.jpg Graphic file (type bmp)
<../../utils/logo.jpg>
 [249

]
File: ../../utils/logo.jpg Graphic file (type bmp)
<../../utils/logo.jpg>
 [250

]
\openout4 = `slides.vrb'.

 (./slides.vrb
Overfull \hbox (143.88405pt too wide) in paragraph at lines 7--7
[]\T1/pcr/m/n/10.95 # [<a class="sister" href="http://example.com/elsie" id="li
nk1">Elsie</a>,[] 
 []


Overfull \hbox (150.45404pt too wide) in paragraph at lines 8--8
[]\T1/pcr/m/n/10.95 #  <a class="sister" href="http://example.com/lacie"  id="l
ink2">Lacie</a>,[] 
 []


Overfull \hbox (157.02403pt too wide) in paragraph at lines 9--9
[]\T1/pcr/m/n/10.95 #  <a class="sister" href="http://example.com/tillie" id="l
ink3">Tillie</a>][] 
 []

)
File: ../../utils/logo.jpg Graphic file (type bmp)
<../../utils/logo.jpg>
 [251

]
File: ../../utils/logo.jpg Graphic file (type bmp)
<../../utils/logo.jpg>
 [252

]
\openout4 = `slides.vrb'.

 (./slides.vrb
Overfull \hbox (143.88405pt too wide) in paragraph at lines 10--10
[]\T1/pcr/m/n/10.95 # [<a class="sister" href="http://example.com/elsie" id="li
nk1">Elsie</a>,[] 
 []


Overfull \hbox (150.45404pt too wide) in paragraph at lines 11--11
[]\T1/pcr/m/n/10.95 #  <a class="sister" href="http://example.com/lacie"  id="l
ink2">Lacie</a>,[] 
 []


Overfull \hbox (157.02403pt too wide) in paragraph at lines 12--12
[]\T1/pcr/m/n/10.95 #  <a class="sister" href="http://example.com/tillie" id="l
ink3">Tillie</a>][] 
 []


Overfull \hbox (143.88405pt too wide) in paragraph at lines 15--15
[]\T1/pcr/m/n/10.95 # [<a class="sister" href="http://example.com/lacie" id="li
nk2">Lacie</a>][] 
 []


Overfull \hbox (143.88405pt too wide) in paragraph at lines 18--18
[]\T1/pcr/m/n/10.95 # [<a class="sister" href="http://example.com/elsie" id="li
nk1">Elsie</a>][] 
 []

)
Overfull \vbox (58.31203pt too high) detected at line 3060
 []

File: ../../utils/logo.jpg Graphic file (type bmp)
<../../utils/logo.jpg>
[253

]
File: ../../utils/logo.jpg Graphic file (type bmp)
<../../utils/logo.jpg>
 [254

]
\openout4 = `slides.vrb'.

 (./slides.vrb
Overfull \hbox (143.88405pt too wide) in paragraph at lines 7--7
[]\T1/pcr/m/n/10.95 # [<a class="sister" href="http://example.com/lacie" id="li
nk2">Lacie</a>,[] 
 []


Overfull \hbox (163.59402pt too wide) in paragraph at lines 8--8
[]\T1/pcr/m/n/10.95 #  <a class="sister" href="http://example.com/tillie"  id="
link3">Tillie</a>][] 
 []


Overfull \hbox (143.88405pt too wide) in paragraph at lines 11--11
[]\T1/pcr/m/n/10.95 # [<a class="sister" href="http://example.com/lacie" id="li
nk2">Lacie</a>][] 
 []

)
File: ../../utils/logo.jpg Graphic file (type bmp)
<../../utils/logo.jpg>
 [255

]
File: ../../utils/logo.jpg Graphic file (type bmp)
<../../utils/logo.jpg>
 [256

]
\openout4 = `slides.vrb'.

 (./slides.vrb
Overfull \hbox (143.88405pt too wide) in paragraph at lines 7--7
[]\T1/pcr/m/n/10.95 # [<a class="sister" href="http://example.com/elsie" id="li
nk1">Elsie</a>,[] 
 []


Overfull \hbox (143.88405pt too wide) in paragraph at lines 8--8
[]\T1/pcr/m/n/10.95 #  <a class="sister" href="http://example.com/lacie" id="li
nk2">Lacie</a>,[] 
 []


Overfull \hbox (157.02403pt too wide) in paragraph at lines 9--9
[]\T1/pcr/m/n/10.95 #  <a class="sister" href="http://example.com/tillie" id="l
ink3">Tillie</a>][] 
 []


Overfull \hbox (143.88405pt too wide) in paragraph at lines 12--12
[]\T1/pcr/m/n/10.95 # [<a class="sister" href="http://example.com/elsie" id="li
nk1">Elsie</a>,[] 
 []


Overfull \hbox (143.88405pt too wide) in paragraph at lines 13--13
[]\T1/pcr/m/n/10.95 #  <a class="sister" href="http://example.com/lacie" id="li
nk2">Lacie</a>,[] 
 []


Overfull \hbox (157.02403pt too wide) in paragraph at lines 14--14
[]\T1/pcr/m/n/10.95 #  <a class="sister" href="http://example.com/tillie" id="l
ink3">Tillie</a>][] 
 []

)
File: ../../utils/logo.jpg Graphic file (type bmp)
<../../utils/logo.jpg>
 [257

]
File: ../../utils/logo.jpg Graphic file (type bmp)
<../../utils/logo.jpg>
 [258

]
\openout4 = `slides.vrb'.

 (./slides.vrb
Overfull \hbox (143.88405pt too wide) in paragraph at lines 7--7
[]\T1/pcr/m/n/10.95 # [<a class="sister" href="http://example.com/elsie" id="li
nk1">Elsie</a>][] 
 []


Overfull \hbox (143.88405pt too wide) in paragraph at lines 10--10
[]\T1/pcr/m/n/10.95 # [<a class="sister" href="http://example.com/lacie" id="li
nk2">Lacie</a>][] 
 []

)
File: ../../utils/logo.jpg Graphic file (type bmp)
<../../utils/logo.jpg>
 [259

]
File: ../../utils/logo.jpg Graphic file (type bmp)
<../../utils/logo.jpg>
 [260

]
\openout4 = `slides.vrb'.

 (./slides.vrb
Overfull \hbox (143.88405pt too wide) in paragraph at lines 7--7
[]\T1/pcr/m/n/10.95 # [<a class="sister" href="http://example.com/elsie" id="li
nk1">Elsie</a>,[] 
 []


Overfull \hbox (143.88405pt too wide) in paragraph at lines 8--8
[]\T1/pcr/m/n/10.95 #  <a class="sister" href="http://example.com/lacie" id="li
nk2">Lacie</a>,[] 
 []


Overfull \hbox (157.02403pt too wide) in paragraph at lines 9--9
[]\T1/pcr/m/n/10.95 #  <a class="sister" href="http://example.com/tillie" id="l
ink3">Tillie</a>][] 
 []

)
File: ../../utils/logo.jpg Graphic file (type bmp)
<../../utils/logo.jpg>
 [261

]
File: ../../utils/logo.jpg Graphic file (type bmp)
<../../utils/logo.jpg>
 [262

]
\openout4 = `slides.vrb'.

 (./slides.vrb
Overfull \hbox (143.88405pt too wide) in paragraph at lines 7--7
[]\T1/pcr/m/n/10.95 # [<a class="sister" href="http://example.com/elsie" id="li
nk1">Elsie</a>][] 
 []


Overfull \hbox (143.88405pt too wide) in paragraph at lines 10--10
[]\T1/pcr/m/n/10.95 # [<a class="sister" href="http://example.com/elsie" id="li
nk1">Elsie</a>,[] 
 []


Overfull \hbox (143.88405pt too wide) in paragraph at lines 11--11
[]\T1/pcr/m/n/10.95 #  <a class="sister" href="http://example.com/lacie" id="li
nk2">Lacie</a>,[] 
 []


Overfull \hbox (157.02403pt too wide) in paragraph at lines 12--12
[]\T1/pcr/m/n/10.95 #  <a class="sister" href="http://example.com/tillie" id="l
ink3">Tillie</a>][] 
 []


Overfull \hbox (157.02403pt too wide) in paragraph at lines 15--15
[]\T1/pcr/m/n/10.95 # [<a class="sister" href="http://example.com/tillie" id="l
ink3">Tillie</a>][] 
 []


Overfull \hbox (143.88405pt too wide) in paragraph at lines 18--18
[]\T1/pcr/m/n/10.95 # [<a class="sister" href="http://example.com/elsie" id="li
nk1">Elsie</a>][] 
 []

)
Overfull \vbox (17.51201pt too high) detected at line 3197
 []

File: ../../utils/logo.jpg Graphic file (type bmp)
<../../utils/logo.jpg>
[263

]
File: ../../utils/logo.jpg Graphic file (type bmp)
<../../utils/logo.jpg>
 [264

]
\openout4 = `slides.vrb'.

 (./slides.vrb
Overfull \hbox (12.4842pt too wide) in paragraph at lines 12--12
[]\T1/pcr/m/n/10.95 multilingual_soup = BeautifulSoup(multilingual_markup)[] 
 []

)
File: ../../utils/logo.jpg Graphic file (type bmp)
<../../utils/logo.jpg>
 [265

]
File: ../../utils/logo.jpg Graphic file (type bmp)
<../../utils/logo.jpg>
 [266

] (./slides.toc)
File: ../../utils/logo.jpg Graphic file (type bmp)
<../../utils/logo.jpg>
 [267

]
File: ../../utils/logo.jpg Graphic file (type bmp)
<../../utils/logo.jpg>
 [268

]
File: ../../utils/logo.jpg Graphic file (type bmp)
<../../utils/logo.jpg>
 [269

]
\openout4 = `slides.vrb'.

 (./slides.vrb
Overfull \hbox (58.47415pt too wide) in paragraph at lines 6--6
[]\T1/pcr/m/n/10.95 soup = BeautifulSoup('<b class="boldest">Extremely bold</b>
')[] 
 []


Overfull \hbox (84.75412pt too wide) in paragraph at lines 13--13
[]\T1/pcr/m/n/10.95 # <blockquote class="verybold" id="1">Extremely bold</block
quote>[] 
 []

)
Overfull \vbox (17.51201pt too high) detected at line 3276
 []

File: ../../utils/logo.jpg Graphic file (type bmp)
<../../utils/logo.jpg>
[270

]
File: ../../utils/logo.jpg Graphic file (type bmp)
<../../utils/logo.jpg>
 [271

]
\openout4 = `slides.vrb'.

 (./slides.vrb
Overfull \hbox (150.45404pt too wide) in paragraph at lines 6--6
[]\T1/pcr/m/n/10.95 markup = '<a href="http://example.com/">I linked to <i>exam
ple.com</i></a>'[] 
 []

)
File: ../../utils/logo.jpg Graphic file (type bmp)
<../../utils/logo.jpg>
 [272

]
File: ../../utils/logo.jpg Graphic file (type bmp)
<../../utils/logo.jpg>
 [273

]
File: ../../utils/logo.jpg Graphic file (type bmp)
<../../utils/logo.jpg>
 [274

]
\openout4 = `slides.vrb'.

 (./slides.vrb
Overfull \hbox (12.4842pt too wide) in paragraph at lines 10--10
[]\T1/pcr/m/n/10.95 # <html><head></head><body><a>FooBar</a></body></html>[] 
 []

)
File: ../../utils/logo.jpg Graphic file (type bmp)
<../../utils/logo.jpg>
 [275

]
File: ../../utils/logo.jpg Graphic file (type bmp)
<../../utils/logo.jpg>
 [276

]
\openout4 = `slides.vrb'.

 (./slides.vrb)
File: ../../utils/logo.jpg Graphic file (type bmp)
<../../utils/logo.jpg>
 [277

]
File: ../../utils/logo.jpg Graphic file (type bmp)
<../../utils/logo.jpg>
 [278

]
\openout4 = `slides.vrb'.

 (./slides.vrb
Overfull \hbox (38.76418pt too wide) in paragraph at lines 7--7
[]\T1/pcr/m/n/10.95 new_comment = soup.new_string("Nice to see you.", Comment)[
] 
 []

)
File: ../../utils/logo.jpg Graphic file (type bmp)
<../../utils/logo.jpg>
 [279

]
File: ../../utils/logo.jpg Graphic file (type bmp)
<../../utils/logo.jpg>
 [280

]
File: ../../utils/logo.jpg Graphic file (type bmp)
<../../utils/logo.jpg>
 [281

]
\openout4 = `slides.vrb'.

 (./slides.vrb
Overfull \hbox (38.76418pt too wide) in paragraph at lines 9--9
[]\T1/pcr/m/n/10.95 new_tag = soup.new_tag("a", href="http://www.example.com")[
] 
 []


Overfull \hbox (25.62419pt too wide) in paragraph at lines 16--16
[]\T1/pcr/m/n/10.95 # <b><a href="http://www.example.com">Link text.</a></b>[] 

 []

)
File: ../../utils/logo.jpg Graphic file (type bmp)
<../../utils/logo.jpg>
 [282

]
File: ../../utils/logo.jpg Graphic file (type bmp)
<../../utils/logo.jpg>
 [283

]
File: ../../utils/logo.jpg Graphic file (type bmp)
<../../utils/logo.jpg>
 [284

]
\openout4 = `slides.vrb'.

 (./slides.vrb
Overfull \hbox (150.45404pt too wide) in paragraph at lines 6--6
[]\T1/pcr/m/n/10.95 markup = '<a href="http://example.com/">I linked to <i>exam
ple.com</i></a>'[] 
 []


Overfull \hbox (222.72395pt too wide) in paragraph at lines 12--12
[]\T1/pcr/m/n/10.95 # <a href="http://example.com/">I linked to but did not end
orse <i>example.com</i></a>[] 
 []


Overfull \hbox (71.61414pt too wide) in paragraph at lines 14--14
[]\T1/pcr/m/n/10.95 # [u'I linked to ', u'but did not endorse', <i>example.com<
/i>][] 
 []

)
File: ../../utils/logo.jpg Graphic file (type bmp)
<../../utils/logo.jpg>
 [285

]
File: ../../utils/logo.jpg Graphic file (type bmp)
<../../utils/logo.jpg>
 [286

]
\openout4 = `slides.vrb'.

 (./slides.vrb)
File: ../../utils/logo.jpg Graphic file (type bmp)
<../../utils/logo.jpg>
 [287

]
File: ../../utils/logo.jpg Graphic file (type bmp)
<../../utils/logo.jpg>
 [288

]
\openout4 = `slides.vrb'.

 (./slides.vrb)
File: ../../utils/logo.jpg Graphic file (type bmp)
<../../utils/logo.jpg>
 [289

]
File: ../../utils/logo.jpg Graphic file (type bmp)
<../../utils/logo.jpg>
 [290

]
\openout4 = `slides.vrb'.


(./slides.vrb
Overfull \hbox (150.45404pt too wide) in paragraph at lines 6--6
[]\T1/pcr/m/n/10.95 markup = '<a href="http://example.com/">I linked to <i>exam
ple.com</i></a>'[] 
 []

)
File: ../../utils/logo.jpg Graphic file (type bmp)
<../../utils/logo.jpg>
 [291

]
File: ../../utils/logo.jpg Graphic file (type bmp)
<../../utils/logo.jpg>
 [292

]
\openout4 = `slides.vrb'.

 (./slides.vrb
Overfull \hbox (150.45404pt too wide) in paragraph at lines 6--6
[]\T1/pcr/m/n/10.95 markup = '<a href="http://example.com/">I linked to <i>exam
ple.com</i></a>'[] 
 []

)
Overfull \vbox (31.11201pt too high) detected at line 3579
 []

File: ../../utils/logo.jpg Graphic file (type bmp)
<../../utils/logo.jpg>
[293

]
File: ../../utils/logo.jpg Graphic file (type bmp)
<../../utils/logo.jpg>
 [294

]
\openout4 = `slides.vrb'.

 (./slides.vrb)
File: ../../utils/logo.jpg Graphic file (type bmp)
<../../utils/logo.jpg>
 [295

]
File: ../../utils/logo.jpg Graphic file (type bmp)
<../../utils/logo.jpg>
 [296

]
\openout4 = `slides.vrb'.

 (./slides.vrb
Overfull \hbox (150.45404pt too wide) in paragraph at lines 6--6
[]\T1/pcr/m/n/10.95 markup = '<a href="http://example.com/">I linked to <i>exam
ple.com</i></a>'[] 
 []

)
File: ../../utils/logo.jpg Graphic file (type bmp)
<../../utils/logo.jpg>
 [297

]
File: ../../utils/logo.jpg Graphic file (type bmp)
<../../utils/logo.jpg>
 [298

]
\openout4 = `slides.vrb'.

 (./slides.vrb
Overfull \hbox (150.45404pt too wide) in paragraph at lines 6--6
[]\T1/pcr/m/n/10.95 markup = '<a href="http://example.com/">I linked to <i>exam
ple.com</i></a>'[] 
 []


Overfull \hbox (91.32411pt too wide) in paragraph at lines 15--15
[]\T1/pcr/m/n/10.95 # <a href="http://example.com/">I linked to <b>example.net<
/b></a>[] 
 []

)
File: ../../utils/logo.jpg Graphic file (type bmp)
<../../utils/logo.jpg>
 [299

]
File: ../../utils/logo.jpg Graphic file (type bmp)
<../../utils/logo.jpg>
 [300

]
File: ../../utils/logo.jpg Graphic file (type bmp)
<../../utils/logo.jpg>
 [301

]
\openout4 = `slides.vrb'.

 (./slides.vrb)
File: ../../utils/logo.jpg Graphic file (type bmp)
<../../utils/logo.jpg>
 [302

]
File: ../../utils/logo.jpg Graphic file (type bmp)
<../../utils/logo.jpg>
 [303

]
File: ../../utils/logo.jpg Graphic file (type bmp)
<../../utils/logo.jpg>
 [304

]
\openout4 = `slides.vrb'.

 (./slides.vrb
Overfull \hbox (150.45404pt too wide) in paragraph at lines 6--6
[]\T1/pcr/m/n/10.95 markup = '<a href="http://example.com/">I linked to <i>exam
ple.com</i></a>'[] 
 []


Overfull \hbox (45.33417pt too wide) in paragraph at lines 12--12
[]\T1/pcr/m/n/10.95 # <a href="http://example.com/">I linked to example.com</a>
[] 
 []

)
File: ../../utils/logo.jpg Graphic file (type bmp)
<../../utils/logo.jpg>
 [305

]
File: ../../utils/logo.jpg Graphic file (type bmp)
<../../utils/logo.jpg>
 [306

] (./slides.toc)
File: ../../utils/logo.jpg Graphic file (type bmp)
<../../utils/logo.jpg>
 [307

]
File: ../../utils/logo.jpg Graphic file (type bmp)
<../../utils/logo.jpg>
 [308

]
\openout4 = `slides.vrb'.

 (./slides.vrb
Overfull \hbox (150.45404pt too wide) in paragraph at lines 6--6
[]\T1/pcr/m/n/10.95 markup = '<a href="http://example.com/">I linked to <i>exam
ple.com</i></a>'[] 
 []


Overfull \hbox (163.59402pt too wide) in paragraph at lines 9--9
[]\T1/pcr/m/n/10.95 # '<html>\n <head>\n </head>\n <body>\n  <a href="http://ex
ample.com/">\n...'[] 
 []

)
Overfull \vbox (85.51204pt too high) detected at line 3778
 []

File: ../../utils/logo.jpg Graphic file (type bmp)
<../../utils/logo.jpg>
[309

]
File: ../../utils/logo.jpg Graphic file (type bmp)
<../../utils/logo.jpg>
 [310

]
\openout4 = `slides.vrb'.

 (./slides.vrb)
File: ../../utils/logo.jpg Graphic file (type bmp)
<../../utils/logo.jpg>
 [311

]
File: ../../utils/logo.jpg Graphic file (type bmp)
<../../utils/logo.jpg>
 [312

]
\openout4 = `slides.vrb'.

 (./slides.vrb
Overfull \hbox (360.69379pt too wide) in paragraph at lines 7--7
[]\T1/pcr/m/n/10.95 # '<html><head></head><body><a href="http://example.com/">I
 linked to <i>example.com</i></a></body></html>'[] 
 []


Overfull \hbox (111.03409pt too wide) in paragraph at lines 10--10
[]\T1/pcr/m/n/10.95 # u'<a href="http://example.com/">I linked to <i>example.co
m</i></a>'[] 
 []

)
File: ../../utils/logo.jpg Graphic file (type bmp)
<../../utils/logo.jpg>
 [313

]
File: ../../utils/logo.jpg Graphic file (type bmp)
<../../utils/logo.jpg>
 [314

]
File: ../../utils/logo.jpg Graphic file (type bmp)
<../../utils/logo.jpg>
 [315

]
File: ../../utils/logo.jpg Graphic file (type bmp)
<../../utils/logo.jpg>
 [316

]
\openout4 = `slides.vrb'.

 (./slides.vrb
Overfull \hbox (12.4842pt too wide) in paragraph at lines 6--6
[]\T1/pcr/m/n/10.95 soup = BeautifulSoup("&ldquo;Dammit!&rdquo; he said.")[] 
 []


Overfull \hbox (130.74406pt too wide) in paragraph at lines 8--8
[]\T1/pcr/m/n/10.95 # u'<html><head></head><body>\u201cDammit!\u201d he said.</
body></html>'[] 
 []

)
File: ../../utils/logo.jpg Graphic file (type bmp)
<../../utils/logo.jpg>
 [317

]
File: ../../utils/logo.jpg Graphic file (type bmp)
<../../utils/logo.jpg>
 [318

]
\openout4 = `slides.vrb'.

 (./slides.vrb
Overfull \hbox (203.01398pt too wide) in paragraph at lines 7--7
[]\T1/pcr/m/n/10.95 # '<html><head></head><body>\xe2\x80\x9cDammit!\xe2\x80\x9d
 he said.</body></html>'[] 
 []

)
File: ../../utils/logo.jpg Graphic file (type bmp)
<../../utils/logo.jpg>
 [319

]
File: ../../utils/logo.jpg Graphic file (type bmp)
<../../utils/logo.jpg>
 [320

]
\openout4 = `slides.vrb'.

 (./slides.vrb
Overfull \hbox (176.73401pt too wide) in paragraph at lines 6--6
[]\T1/pcr/m/n/10.95 markup = '<a href="http://example.com/">\nI linked to <i>ex
ample.com</i>\n</a>'[] 
 []

)
File: ../../utils/logo.jpg Graphic file (type bmp)
<../../utils/logo.jpg>
 [321

]
File: ../../utils/logo.jpg Graphic file (type bmp)
<../../utils/logo.jpg>
 [322

]
\openout4 = `slides.vrb'.

 (./slides.vrb)
File: ../../utils/logo.jpg Graphic file (type bmp)
<../../utils/logo.jpg>
 [323

]
File: ../../utils/logo.jpg Graphic file (type bmp)
<../../utils/logo.jpg>
 [324

]
\openout4 = `slides.vrb'.

 (./slides.vrb)
File: ../../utils/logo.jpg Graphic file (type bmp)
<../../utils/logo.jpg>
 [325

]
File: ../../utils/logo.jpg Graphic file (type bmp)
<../../utils/logo.jpg>
 [326

]
\openout4 = `slides.vrb'.


(./slides.vrb)
File: ../../utils/logo.jpg Graphic file (type bmp)
<../../utils/logo.jpg>
 [327

] (./slides.toc)
File: ../../utils/logo.jpg Graphic file (type bmp)
<../../utils/logo.jpg>
 [328

]
File: ../../utils/logo.jpg Graphic file (type bmp)
<../../utils/logo.jpg>
 [329

]
File: ../../utils/logo.jpg Graphic file (type bmp)
<../../utils/logo.jpg>
 [330

]
File: ../../utils/logo.jpg Graphic file (type bmp)
<../../utils/logo.jpg>
 [331

]
File: ../../utils/logo.jpg Graphic file (type bmp)
<../../utils/logo.jpg>
 [332

]
File: ../../utils/logo.jpg Graphic file (type bmp)
<../../utils/logo.jpg>
 [333

]
\openout4 = `slides.vrb'.


(./slides.vrb
Overfull \hbox (19.0542pt too wide) in paragraph at lines 7--7
[]\T1/pcr/m/n/10.95 # <html><head></head><body><a><b></b></a></body></html>[] 
 []

)
File: ../../utils/logo.jpg Graphic file (type bmp)
<../../utils/logo.jpg>
 [334

]
File: ../../utils/logo.jpg Graphic file (type bmp)
<../../utils/logo.jpg>
 [335

]
File: ../../utils/logo.jpg Graphic file (type bmp)
<../../utils/logo.jpg>
 [336

]
\openout4 = `slides.vrb'.

 (./slides.vrb)
File: ../../utils/logo.jpg Graphic file (type bmp)
<../../utils/logo.jpg>
 [337

]
File: ../../utils/logo.jpg Graphic file (type bmp)
<../../utils/logo.jpg>
 [338

]
File: ../../utils/logo.jpg Graphic file (type bmp)
<../../utils/logo.jpg>
 [339

]
\openout4 = `slides.vrb'.

 (./slides.vrb)
File: ../../utils/logo.jpg Graphic file (type bmp)
<../../utils/logo.jpg>
 [340

]
File: ../../utils/logo.jpg Graphic file (type bmp)
<../../utils/logo.jpg>

[341

]
\openout4 = `slides.vrb'.

 (./slides.vrb
Overfull \hbox (19.0542pt too wide) in paragraph at lines 7--7
[]\T1/pcr/m/n/10.95 # <html><head></head><body><a><p></p></a></body></html>[] 
 []

)
File: ../../utils/logo.jpg Graphic file (type bmp)
<../../utils/logo.jpg>
 [342

]
File: ../../utils/logo.jpg Graphic file (type bmp)
<../../utils/logo.jpg>
 [343

]
File: ../../utils/logo.jpg Graphic file (type bmp)
<../../utils/logo.jpg>
 [344

]
\openout4 = `slides.vrb'.

 (./slides.vrb)
File: ../../utils/logo.jpg Graphic file (type bmp)
<../../utils/logo.jpg>
 [345

]
File: ../../utils/logo.jpg Graphic file (type bmp)
<../../utils/logo.jpg>
 [346

]
File: ../../utils/logo.jpg Graphic file (type bmp)
<../../utils/logo.jpg>
 [347

]
File: ../../utils/logo.jpg Graphic file (type bmp)
<../../utils/logo.jpg>
 [348

] (./slides.toc)
File: ../../utils/logo.jpg Graphic file (type bmp)
<../../utils/logo.jpg>

[349

]
File: ../../utils/logo.jpg Graphic file (type bmp)
<../../utils/logo.jpg>
 [350

]
\openout4 = `slides.vrb'.

 (./slides.vrb)
File: ../../utils/logo.jpg Graphic file (type bmp)
<../../utils/logo.jpg>
 [351

]
File: ../../utils/logo.jpg Graphic file (type bmp)
<../../utils/logo.jpg>
 [352

]
\openout4 = `slides.vrb'.

 (./slides.vrb)
File: ../../utils/logo.jpg Graphic file (type bmp)
<../../utils/logo.jpg>
 [353

]
File: ../../utils/logo.jpg Graphic file (type bmp)
<../../utils/logo.jpg>
 [354

]
File: ../../utils/logo.jpg Graphic file (type bmp)
<../../utils/logo.jpg>
 [355

]
\openout4 = `slides.vrb'.


(./slides.vrb
Missing character: There is no ν in font pcrr8t!
Missing character: There is no ε in font pcrr8t!
Missing character: There is no μ in font pcrr8t!
Missing character: There is no ω in font pcrr8t!
)
File: ../../utils/logo.jpg Graphic file (type bmp)
<../../utils/logo.jpg>
 [356

]
File: ../../utils/logo.jpg Graphic file (type bmp)
<../../utils/logo.jpg>
 [357

]
\openout4 = `slides.vrb'.

 (./slides.vrb
Overfull \hbox (25.62419pt too wide) in paragraph at lines 6--6
[]\T1/pcr/m/n/10.95 soup = BeautifulSoup(markup, from_encoding="iso-8859-8")[] 

 []

Missing character: There is no ם in font pcrr8t!
Missing character: There is no ו in font pcrr8t!
Missing character: There is no ל in font pcrr8t!
Missing character: There is no ש in font pcrr8t!
)
File: ../../utils/logo.jpg Graphic file (type bmp)
<../../utils/logo.jpg>
 [358

]
Missing character: There is no � in font phvr8t!
Missing character: There is no � in font phvr8t!
Missing character: There is no � in font phvr8t!
File: ../../utils/logo.jpg Graphic file (type bmp)
<../../utils/logo.jpg>
 [359

]
File: ../../utils/logo.jpg Graphic file (type bmp)
<../../utils/logo.jpg>
 [360

]
\openout4 = `slides.vrb'.

 (./slides.vrb
Overfull \hbox (176.73401pt too wide) in paragraph at lines 9--9
[]    \T1/pcr/m/n/10.95 <meta content="text/html; charset=ISO-Latin-1" http-equ
iv="Content-type" />[] 
 []


Overfull \hbox (137.31406pt too wide) in paragraph at lines 21--21
[]\T1/pcr/m/n/10.95 #   <meta content="text/html; charset=utf-8" http-equiv="Co
ntent-type" />[] 
 []

)
Overfull \vbox (153.51207pt too high) detected at line 4319
 []

File: ../../utils/logo.jpg Graphic file (type bmp)
<../../utils/logo.jpg>
[361

]
File: ../../utils/logo.jpg Graphic file (type bmp)
<../../utils/logo.jpg>
 [362

]
File: ../../utils/logo.jpg Graphic file (type bmp)
<../../utils/logo.jpg>
 [363

]
\openout4 = `slides.vrb'.

 (./slides.vrb
Overfull \hbox (150.45404pt too wide) in paragraph at lines 9--9
[]\T1/pcr/m/n/10.95 #   <meta content="text/html; charset=latin-1" http-equiv="
Content-type" />[] 
 []

)
File: ../../utils/logo.jpg Graphic file (type bmp)
<../../utils/logo.jpg>
 [364

]
File: ../../utils/logo.jpg Graphic file (type bmp)
<../../utils/logo.jpg>
 [365

]
\openout4 = `slides.vrb'.

 (./slides.vrb)
File: ../../utils/logo.jpg Graphic file (type bmp)
<../../utils/logo.jpg>
 [366

]
File: ../../utils/logo.jpg Graphic file (type bmp)
<../../utils/logo.jpg>
 [367

]
\openout4 = `slides.vrb'.

 (./slides.vrb)
File: ../../utils/logo.jpg Graphic file (type bmp)
<../../utils/logo.jpg>
 [368

]
Missing character: There is no ☃ in font phvr8t!
File: ../../utils/logo.jpg Graphic file (type bmp)
<../../utils/logo.jpg>
 [369

]
\openout4 = `slides.vrb'.


(./slides.vrb
Missing character: There is no ☃ in font pcrr8t!
)
File: ../../utils/logo.jpg Graphic file (type bmp)
<../../utils/logo.jpg>
 [370

]
File: ../../utils/logo.jpg Graphic file (type bmp)
<../../utils/logo.jpg>
 [371

]
\openout4 = `slides.vrb'.

 (./slides.vrb)
File: ../../utils/logo.jpg Graphic file (type bmp)
<../../utils/logo.jpg>
 [372

]
File: ../../utils/logo.jpg Graphic file (type bmp)
<../../utils/logo.jpg>
 [373

]
\openout4 = `slides.vrb'.

 (./slides.vrb
Overfull \hbox (97.8941pt too wide) in paragraph at lines 6--6
[]\T1/pcr/m/n/10.95 dammit = UnicodeDammit("Sacr\xe9 bleu!", ["latin-1", "iso-8
859-1"])[] 
 []

)
File: ../../utils/logo.jpg Graphic file (type bmp)
<../../utils/logo.jpg>
 [374

]
File: ../../utils/logo.jpg Graphic file (type bmp)
<../../utils/logo.jpg>
 [375

]
File: ../../utils/logo.jpg Graphic file (type bmp)
<../../utils/logo.jpg>
 [376

]
\openout4 = `slides.vrb'.

 (./slides.vrb
Overfull \hbox (124.17407pt too wide) in paragraph at lines 6--6
[]\T1/pcr/m/n/10.95 markup = b"<p>I just \x93love\x94 Microsoft Word\x92s smart
 quotes</p>"[] 
 []


Overfull \hbox (170.16402pt too wide) in paragraph at lines 8--8
[]\T1/pcr/m/n/10.95 UnicodeDammit(markup, ["windows-1252"], smart_quotes_to="ht
ml").unicode_markup[] 
 []


Overfull \hbox (137.31406pt too wide) in paragraph at lines 9--9
[]\T1/pcr/m/n/10.95 # u'<p>I just &ldquo;love&rdquo; Microsoft Word&rsquo;s sma
rt quotes</p>'[] 
 []


Overfull \hbox (163.59402pt too wide) in paragraph at lines 11--11
[]\T1/pcr/m/n/10.95 UnicodeDammit(markup, ["windows-1252"], smart_quotes_to="xm
l").unicode_markup[] 
 []


Overfull \hbox (157.02403pt too wide) in paragraph at lines 12--12
[]\T1/pcr/m/n/10.95 # u'<p>I just &#x201C;love&#x201D; Microsoft Word&#x2019;s 
smart quotes</p>'[] 
 []

)
File: ../../utils/logo.jpg Graphic file (type bmp)
<../../utils/logo.jpg>
 [377

]
File: ../../utils/logo.jpg Graphic file (type bmp)
<../../utils/logo.jpg>
 [378

]
\openout4 = `slides.vrb'.

 (./slides.vrb
Overfull \hbox (176.73401pt too wide) in paragraph at lines 6--6
[]\T1/pcr/m/n/10.95 UnicodeDammit(markup, ["windows-1252"], smart_quotes_to="as
cii").unicode_markup[] 
 []


Overfull \hbox (25.62419pt too wide) in paragraph at lines 7--7
[]\T1/pcr/m/n/10.95 # u'<p>I just "love" Microsoft Word\'s smart quotes</p>'[] 

 []

)
File: ../../utils/logo.jpg Graphic file (type bmp)
<../../utils/logo.jpg>
 [379

]
File: ../../utils/logo.jpg Graphic file (type bmp)
<../../utils/logo.jpg>
 [380

]
\openout4 = `slides.vrb'.

 (./slides.vrb
Overfull \hbox (12.4842pt too wide) in paragraph at lines 6--6
[]\T1/pcr/m/n/10.95 UnicodeDammit(markup, ["windows-1252"]).unicode_markup[] 
 []


Overfull \hbox (117.60408pt too wide) in paragraph at lines 7--7
[]\T1/pcr/m/n/10.95 # u'<p>I just \u201clove\u201d Microsoft Word\u2019s smart 
quotes</p>'[] 
 []

)
File: ../../utils/logo.jpg Graphic file (type bmp)
<../../utils/logo.jpg>
 [381

]
File: ../../utils/logo.jpg Graphic file (type bmp)
<../../utils/logo.jpg>
 [382

]
\openout4 = `slides.vrb'.

 (./slides.vrb
Overfull \hbox (242.43393pt too wide) in paragraph at lines 7--7
[]\T1/pcr/m/n/10.95 quote = (u"\N{LEFT DOUBLE QUOTATION MARK}I like snowmen!\N{
RIGHT DOUBLE QUOTATION MARK}")[] 
 []


Overfull \hbox (45.33417pt too wide) in paragraph at lines 8--8
[]\T1/pcr/m/n/10.95 doc = snowmen.encode("utf8") + quote.encode("windows_1252")
[] 
 []

)
File: ../../utils/logo.jpg Graphic file (type bmp)
<../../utils/logo.jpg>
 [383

]
File: ../../utils/logo.jpg Graphic file (type bmp)
<../../utils/logo.jpg>
 [384

]
\openout4 = `slides.vrb'.

 (./slides.vrb
Missing character: There is no ☃ in font pcrr8t!
Missing character: There is no ☃ in font pcrr8t!
Missing character: There is no ☃ in font pcrr8t!
Missing character: There is no � in font pcrr8t!
Missing character: There is no � in font pcrr8t!
Missing character: There is no ˜ in font pcrr8t!
Missing character: There is no ƒ in font pcrr8t!
Missing character: There is no ˜ in font pcrr8t!
Missing character: There is no ƒ in font pcrr8t!
Missing character: There is no ˜ in font pcrr8t!
Missing character: There is no ƒ in font pcrr8t!
)
File: ../../utils/logo.jpg Graphic file (type bmp)
<../../utils/logo.jpg>
 [385

]
File: ../../utils/logo.jpg Graphic file (type bmp)
<../../utils/logo.jpg>
 [386

]
\openout4 = `slides.vrb'.

 (./slides.vrb
Missing character: There is no ☃ in font pcrr8t!
Missing character: There is no ☃ in font pcrr8t!
Missing character: There is no ☃ in font pcrr8t!
)
File: ../../utils/logo.jpg Graphic file (type bmp)
<../../utils/logo.jpg>
 [387

]
File: ../../utils/logo.jpg Graphic file (type bmp)
<../../utils/logo.jpg>
 [388

]
Missing character: There is no ˜ in font phvr8t!
Missing character: There is no ƒ in font phvr8t!
Missing character: There is no ˜ in font phvr8t!
Missing character: There is no ƒ in font phvr8t!
Missing character: There is no ˜ in font phvr8t!
Missing character: There is no ƒ in font phvr8t!
File: ../../utils/logo.jpg Graphic file (type bmp)
<../../utils/logo.jpg>
 [389

]
File: ../../utils/logo.jpg Graphic file (type bmp)
<../../utils/logo.jpg>

[390

] (./slides.toc)
File: ../../utils/logo.jpg Graphic file (type bmp)
<../../utils/logo.jpg>
 [391

]
File: ../../utils/logo.jpg Graphic file (type bmp)
<../../utils/logo.jpg>
 [392

]
File: ../../utils/logo.jpg Graphic file (type bmp)
<../../utils/logo.jpg>
 [393

]
\openout4 = `slides.vrb'.

 (./slides.vrb
Overfull \hbox (19.0542pt too wide) in paragraph at lines 15--15
[]\T1/pcr/m/n/10.95 only_short_strings = SoupStrainer(text=is_short_string)[] 
 []

)
File: ../../utils/logo.jpg Graphic file (type bmp)
<../../utils/logo.jpg>
 [394

]
File: ../../utils/logo.jpg Graphic file (type bmp)
<../../utils/logo.jpg>
 [395

]
\openout4 = `slides.vrb'.

 (./slides.vrb
Overfull \hbox (12.4842pt too wide) in paragraph at lines 7--7
[]\T1/pcr/m/n/10.95 <html><head><title>The Dormouse's story</title></head>[] 
 []


Overfull \hbox (229.29395pt too wide) in paragraph at lines 11--11
[]\T1/pcr/m/n/10.95 <p class="story">Once upon a time there were three little s
isters; and their names were[] 
 []


Overfull \hbox (124.17407pt too wide) in paragraph at lines 12--12
[]\T1/pcr/m/n/10.95 <a href="http://example.com/elsie" class="sister" id="link1
">Elsie</a>,[] 
 []


Overfull \hbox (143.88405pt too wide) in paragraph at lines 13--13
[]\T1/pcr/m/n/10.95 <a href="http://example.com/lacie" class="sister" id="link2
">Lacie</a> and[] 
 []


Overfull \hbox (137.31406pt too wide) in paragraph at lines 14--14
[]\T1/pcr/m/n/10.95 <a href="http://example.com/tillie" class="sister" id="link
3">Tillie</a>;[] 
 []


Overfull \hbox (183.304pt too wide) in paragraph at lines 20--20
[]\T1/pcr/m/n/10.95 print(BeautifulSoup(html_doc, "html.parser", parse_only=onl
y_a_tags).prettify())[] 
 []


Overfull \hbox (71.61414pt too wide) in paragraph at lines 21--21
[]\T1/pcr/m/n/10.95 # <a class="sister" href="http://example.com/elsie" id="lin
k1">[] 
 []


Overfull \hbox (71.61414pt too wide) in paragraph at lines 24--24
[]\T1/pcr/m/n/10.95 # <a class="sister" href="http://example.com/lacie" id="lin
k2">[] 
 []


Overfull \hbox (78.18413pt too wide) in paragraph at lines 27--27
[]\T1/pcr/m/n/10.95 # <a class="sister" href="http://example.com/tillie" id="li
nk3">[] 
 []


Overfull \hbox (262.1439pt too wide) in paragraph at lines 31--31
[]\T1/pcr/m/n/10.95 print(BeautifulSoup(html_doc, "html.parser", parse_only=onl
y_tags_with_id_link2).prettify())[] 
 []


Overfull \hbox (71.61414pt too wide) in paragraph at lines 32--32
[]\T1/pcr/m/n/10.95 # <a class="sister" href="http://example.com/lacie" id="lin
k2">[] 
 []


Overfull \hbox (229.29395pt too wide) in paragraph at lines 36--36
[]\T1/pcr/m/n/10.95 print(BeautifulSoup(html_doc, "html.parser", parse_only=onl
y_short_strings).prettify())[] 
 []

)
Overfull \vbox (357.51216pt too high) detected at line 4744
 []

File: ../../utils/logo.jpg Graphic file (type bmp)
<../../utils/logo.jpg>
[396

]
File: ../../utils/logo.jpg Graphic file (type bmp)
<../../utils/logo.jpg>
 [397

]
\openout4 = `slides.vrb'.

 (./slides.vrb
Overfull \hbox (117.60408pt too wide) in paragraph at lines 8--8
[]\T1/pcr/m/n/10.95 # [u'\n\n', u'\n\n', u'Elsie', u',\n', u'Lacie', u' and\n',
 u'Tillie',[] 
 []

)
File: ../../utils/logo.jpg Graphic file (type bmp)
<../../utils/logo.jpg>
 [398

]
\tf@nav=\write6
\openout6 = `slides.nav'.

\tf@toc=\write7
\openout7 = `slides.toc'.

\tf@snm=\write8
\openout8 = `slides.snm'.

Package atveryend Info: Empty hook `BeforeClearDocument' on input line 4771.
Package atveryend Info: Empty hook `AfterLastShipout' on input line 4771.
 (./slides.aux)
Package atveryend Info: Empty hook `AtVeryEndDocument' on input line 4771.
Package atveryend Info: Empty hook `AtEndAfterFileList' on input line 4771.
 ) 
Here is how much of TeX's memory you used:
 37342 strings out of 492998
 726014 string characters out of 6136604
 827849 words of memory out of 5000000
 40475 multiletter control sequences out of 15000+600000
 543158 words of font info for 40 fonts, out of 8000000 for 9000
 1348 hyphenation exceptions out of 8191
 56i,17n,62p,10440b,661s stack positions out of 5000i,500n,10000p,200000b,80000s

Output written on slides.pdf (398 pages).
